[W 09/14/26 13:29:47.140] [type_check.cpp:visit@100] [$15897] Local store may lose precision (target = f32, value = f64) at
[W 09/14/26 13:29:47.140] [type_check.cpp:visit@101] 
  File "/home/seohy/colcon_ws/src/RoboCraft/simulator/plb/engine/renderer/renderer.py", line 455, in render_multi
    contrib = self.trace(pos, d)
  File "/home/seohy/miniconda3/envs/robocraft/lib/python3.8/site-packages/taichi/lang/kernel_impl.py", line 50, in decorated
    return fun.__call__(*args)
  File "/home/seohy/miniconda3/envs/robocraft/lib/python3.8/site-packages/taichi/lang/kernel_impl.py", line 122, in __call__
    ret = self.compiled(*args)
  File "/home/seohy/colcon_ws/src/RoboCraft/simulator/plb/engine/renderer/renderer.py", line 363, in trace
    closest, normal, c, roughness, material = self.next_hit(pos, d)
  File "/home/seohy/miniconda3/envs/robocraft/lib/python3.8/site-packages/taichi/lang/kernel_impl.py", line 50, in decorated
    return fun.__call__(*args)
  File "/home/seohy/miniconda3/envs/robocraft/lib/python3.8/site-packages/taichi/lang/kernel_impl.py", line 122, in __call__
    ret = self.compiled(*args)
  File "/home/seohy/colcon_ws/src/RoboCraft/simulator/plb/engine/renderer/renderer.py", line 253, in next_hit
    dd = ti.cast(self.primitives[i].sdf(0, pp), ti.f32)
  File "/home/seohy/miniconda3/envs/robocraft/lib/python3.8/site-packages/taichi/lang/kernel_impl.py", line 50, in decorated
    return fun.__call__(*args)
  File "/home/seohy/miniconda3/envs/robocraft/lib/python3.8/site-packages/taichi/lang/kernel_impl.py", line 122, in __call__
    ret = self.compiled(*args)
  File "/home/seohy/colcon_ws/src/RoboCraft/simulator/plb/engine/primitive/primive_base.py", line 59, in sdf
    grid_pos = inv_trans(grid_pos, self.position[f], self.rotation[f])
  File "/home/seohy/miniconda3/envs/robocraft/lib/python3.8/site-packages/taichi/lang/util.py", line 163, in wrapped
    return func(*args, **kwargs)
  File "/home/seohy/miniconda3/envs/robocraft/lib/python3.8/site-packages/taichi/lang/impl.py", line 201, in maybe_transform_ti_func_call_to_stmt
    return func(*args, **kwargs)
  File "/home/seohy/miniconda3/envs/robocraft/lib/python3.8/site-packages/taichi/lang/common_ops.py", line 227, in assign
    return ti.assign(self, other)
  File "/home/seohy/miniconda3/envs/robocraft/lib/python3.8/site-packages/taichi/lang/ops.py", line 131, in wrapped
    return a.element_wise_writeback_binary(imp_foo, b)
  File "/home/seohy/miniconda3/envs/robocraft/lib/python3.8/site-packages/taichi/lang/matrix.py", line 179, in element_wise_writeback_binary
    ret.entries[i] = foo(self.entries[i], other.entries[i])

[W 09/14/26 13:29:47.140] [type_check.cpp:visit@100] [$15899] Local store may lose precision (target = f32, value = f64) at
[W 09/14/26 13:29:47.140] [type_check.cpp:visit@101] 
  File "/home/seohy/colcon_ws/src/RoboCraft/simulator/plb/engine/renderer/renderer.py", line 455, in render_multi
    contrib = self.trace(pos, d)
  File "/home/seohy/miniconda3/envs/robocraft/lib/python3.8/site-packages/taichi/lang/kernel_impl.py", line 50, in decorated
    return fun.__call__(*args)
  File "/home/seohy/miniconda3/envs/robocraft/lib/python3.8/site-packages/taichi/lang/kernel_impl.py", line 122, in __call__
    ret = self.compiled(*args)
  File "/home/seohy/colcon_ws/src/RoboCraft/simulator/plb/engine/renderer/renderer.py", line 363, in trace
    closest, normal, c, roughness, material = self.next_hit(pos, d)
  File "/home/seohy/miniconda3/envs/robocraft/lib/python3.8/site-packages/taichi/lang/kernel_impl.py", line 50, in decorated
    return fun.__call__(*args)
  File "/home/seohy/miniconda3/envs/robocraft/lib/python3.8/site-packages/taichi/lang/kernel_impl.py", line 122, in __call__
    ret = self.compiled(*args)
  File "/home/seohy/colcon_ws/src/RoboCraft/simulator/plb/engine/renderer/renderer.py", line 253, in next_hit
    dd = ti.cast(self.primitives[i].sdf(0, pp), ti.f32)
  File "/home/seohy/miniconda3/envs/robocraft/lib/python3.8/site-packages/taichi/lang/kernel_impl.py", line 50, in decorated
    return fun.__call__(*args)
  File "/home/seohy/miniconda3/envs/robocraft/lib/python3.8/site-packages/taichi/lang/kernel_impl.py", line 122, in __call__
    ret = self.compiled(*args)
  File "/home/seohy/colcon_ws/src/RoboCraft/simulator/plb/engine/primitive/primive_base.py", line 59, in sdf
    grid_pos = inv_trans(grid_pos, self.position[f], self.rotation[f])
  File "/home/seohy/miniconda3/envs/robocraft/lib/python3.8/site-packages/taichi/lang/util.py", line 163, in wrapped
    return func(*args, **kwargs)
  File "/home/seohy/miniconda3/envs/robocraft/lib/python3.8/site-packages/taichi/lang/impl.py", line 201, in maybe_transform_ti_func_call_to_stmt
    return func(*args, **kwargs)
  File "/home/seohy/miniconda3/envs/robocraft/lib/python3.8/site-packages/taichi/lang/common_ops.py", line 227, in assign
    return ti.assign(self, other)
  File "/home/seohy/miniconda3/envs/robocraft/lib/python3.8/site-packages/taichi/lang/ops.py", line 131, in wrapped
    return a.element_wise_writeback_binary(imp_foo, b)
  File "/home/seohy/miniconda3/envs/robocraft/lib/python3.8/site-packages/taichi/lang/matrix.py", line 179, in element_wise_writeback_binary
    ret.entries[i] = foo(self.entries[i], other.entries[i])

[W 09/14/26 13:29:47.140] [type_check.cpp:visit@100] [$15901] Local store may lose precision (target = f32, value = f64) at
[W 09/14/26 13:29:47.140] [type_check.cpp:visit@101] 
  File "/home/seohy/colcon_ws/src/RoboCraft/simulator/plb/engine/renderer/renderer.py", line 455, in render_multi
    contrib = self.trace(pos, d)
  File "/home/seohy/miniconda3/envs/robocraft/lib/python3.8/site-packages/taichi/lang/kernel_impl.py", line 50, in decorated
    return fun.__call__(*args)
  File "/home/seohy/miniconda3/envs/robocraft/lib/python3.8/site-packages/taichi/lang/kernel_impl.py", line 122, in __call__
    ret = self.compiled(*args)
  File "/home/seohy/colcon_ws/src/RoboCraft/simulator/plb/engine/renderer/renderer.py", line 363, in trace
    closest, normal, c, roughness, material = self.next_hit(pos, d)
  File "/home/seohy/miniconda3/envs/robocraft/lib/python3.8/site-packages/taichi/lang/kernel_impl.py", line 50, in decorated
    return fun.__call__(*args)
  File "/home/seohy/miniconda3/envs/robocraft/lib/python3.8/site-packages/taichi/lang/kernel_impl.py", line 122, in __call__
    ret = self.compiled(*args)
  File "/home/seohy/colcon_ws/src/RoboCraft/simulator/plb/engine/renderer/renderer.py", line 253, in next_hit
    dd = ti.cast(self.primitives[i].sdf(0, pp), ti.f32)
  File "/home/seohy/miniconda3/envs/robocraft/lib/python3.8/site-packages/taichi/lang/kernel_impl.py", line 50, in decorated
    return fun.__call__(*args)
  File "/home/seohy/miniconda3/envs/robocraft/lib/python3.8/site-packages/taichi/lang/kernel_impl.py", line 122, in __call__
    ret = self.compiled(*args)
  File "/home/seohy/colcon_ws/src/RoboCraft/simulator/plb/engine/primitive/primive_base.py", line 59, in sdf
    grid_pos = inv_trans(grid_pos, self.position[f], self.rotation[f])
  File "/home/seohy/miniconda3/envs/robocraft/lib/python3.8/site-packages/taichi/lang/util.py", line 163, in wrapped
    return func(*args, **kwargs)
  File "/home/seohy/miniconda3/envs/robocraft/lib/python3.8/site-packages/taichi/lang/impl.py", line 201, in maybe_transform_ti_func_call_to_stmt
    return func(*args, **kwargs)
  File "/home/seohy/miniconda3/envs/robocraft/lib/python3.8/site-packages/taichi/lang/common_ops.py", line 227, in assign
    return ti.assign(self, other)
  File "/home/seohy/miniconda3/envs/robocraft/lib/python3.8/site-packages/taichi/lang/ops.py", line 131, in wrapped
    return a.element_wise_writeback_binary(imp_foo, b)
  File "/home/seohy/miniconda3/envs/robocraft/lib/python3.8/site-packages/taichi/lang/matrix.py", line 179, in element_wise_writeback_binary
    ret.entries[i] = foo(self.entries[i], other.entries[i])

[W 09/14/26 13:29:47.140] [type_check.cpp:visit@70] [$15928] Atomic add (f64 to f32) may lose precision, at
[W 09/14/26 13:29:47.140] [type_check.cpp:visit@71] 

[W 09/14/26 13:29:47.140] [type_check.cpp:visit@70] [$15938] Atomic add (f64 to f32) may lose precision, at
[W 09/14/26 13:29:47.140] [type_check.cpp:visit@71] 

[W 09/14/26 13:29:47.140] [type_check.cpp:visit@100] [$16291] Local store may lose precision (target = f32, value = f64) at
[W 09/14/26 13:29:47.140] [type_check.cpp:visit@101] 
  File "/home/seohy/colcon_ws/src/RoboCraft/simulator/plb/engine/renderer/renderer.py", line 455, in render_multi
    contrib = self.trace(pos, d)
  File "/home/seohy/miniconda3/envs/robocraft/lib/python3.8/site-packages/taichi/lang/kernel_impl.py", line 50, in decorated
    return fun.__call__(*args)
  File "/home/seohy/miniconda3/envs/robocraft/lib/python3.8/site-packages/taichi/lang/kernel_impl.py", line 122, in __call__
    ret = self.compiled(*args)
  File "/home/seohy/colcon_ws/src/RoboCraft/simulator/plb/engine/renderer/renderer.py", line 363, in trace
    closest, normal, c, roughness, material = self.next_hit(pos, d)
  File "/home/seohy/miniconda3/envs/robocraft/lib/python3.8/site-packages/taichi/lang/kernel_impl.py", line 50, in decorated
    return fun.__call__(*args)
  File "/home/seohy/miniconda3/envs/robocraft/lib/python3.8/site-packages/taichi/lang/kernel_impl.py", line 122, in __call__
    ret = self.compiled(*args)
  File "/home/seohy/colcon_ws/src/RoboCraft/simulator/plb/engine/renderer/renderer.py", line 253, in next_hit
    dd = ti.cast(self.primitives[i].sdf(0, pp), ti.f32)
  File "/home/seohy/miniconda3/envs/robocraft/lib/python3.8/site-packages/taichi/lang/kernel_impl.py", line 50, in decorated
    return fun.__call__(*args)
  File "/home/seohy/miniconda3/envs/robocraft/lib/python3.8/site-packages/taichi/lang/kernel_impl.py", line 122, in __call__
    ret = self.compiled(*args)
  File "/home/seohy/colcon_ws/src/RoboCraft/simulator/plb/engine/primitive/primive_base.py", line 59, in sdf
    grid_pos = inv_trans(grid_pos, self.position[f], self.rotation[f])
  File "/home/seohy/miniconda3/envs/robocraft/lib/python3.8/site-packages/taichi/lang/util.py", line 163, in wrapped
    return func(*args, **kwargs)
  File "/home/seohy/miniconda3/envs/robocraft/lib/python3.8/site-packages/taichi/lang/impl.py", line 201, in maybe_transform_ti_func_call_to_stmt
    return func(*args, **kwargs)
  File "/home/seohy/miniconda3/envs/robocraft/lib/python3.8/site-packages/taichi/lang/common_ops.py", line 227, in assign
    return ti.assign(self, other)
  File "/home/seohy/miniconda3/envs/robocraft/lib/python3.8/site-packages/taichi/lang/ops.py", line 131, in wrapped
    return a.element_wise_writeback_binary(imp_foo, b)
  File "/home/seohy/miniconda3/envs/robocraft/lib/python3.8/site-packages/taichi/lang/matrix.py", line 179, in element_wise_writeback_binary
    ret.entries[i] = foo(self.entries[i], other.entries[i])

[W 09/14/26 13:29:47.140] [type_check.cpp:visit@100] [$16293] Local store may lose precision (target = f32, value = f64) at
[W 09/14/26 13:29:47.140] [type_check.cpp:visit@101] 
  File "/home/seohy/colcon_ws/src/RoboCraft/simulator/plb/engine/renderer/renderer.py", line 455, in render_multi
    contrib = self.trace(pos, d)
  File "/home/seohy/miniconda3/envs/robocraft/lib/python3.8/site-packages/taichi/lang/kernel_impl.py", line 50, in decorated
    return fun.__call__(*args)
  File "/home/seohy/miniconda3/envs/robocraft/lib/python3.8/site-packages/taichi/lang/kernel_impl.py", line 122, in __call__
    ret = self.compiled(*args)
  File "/home/seohy/colcon_ws/src/RoboCraft/simulator/plb/engine/renderer/renderer.py", line 363, in trace
    closest, normal, c, roughness, material = self.next_hit(pos, d)
  File "/home/seohy/miniconda3/envs/robocraft/lib/python3.8/site-packages/taichi/lang/kernel_impl.py", line 50, in decorated
    return fun.__call__(*args)
  File "/home/seohy/miniconda3/envs/robocraft/lib/python3.8/site-packages/taichi/lang/kernel_impl.py", line 122, in __call__
    ret = self.compiled(*args)
  File "/home/seohy/colcon_ws/src/RoboCraft/simulator/plb/engine/renderer/renderer.py", line 253, in next_hit
    dd = ti.cast(self.primitives[i].sdf(0, pp), ti.f32)
  File "/home/seohy/miniconda3/envs/robocraft/lib/python3.8/site-packages/taichi/lang/kernel_impl.py", line 50, in decorated
    return fun.__call__(*args)
  File "/home/seohy/miniconda3/envs/robocraft/lib/python3.8/site-packages/taichi/lang/kernel_impl.py", line 122, in __call__
    ret = self.compiled(*args)
  File "/home/seohy/colcon_ws/src/RoboCraft/simulator/plb/engine/primitive/primive_base.py", line 59, in sdf
    grid_pos = inv_trans(grid_pos, self.position[f], self.rotation[f])
  File "/home/seohy/miniconda3/envs/robocraft/lib/python3.8/site-packages/taichi/lang/util.py", line 163, in wrapped
    return func(*args, **kwargs)
  File "/home/seohy/miniconda3/envs/robocraft/lib/python3.8/site-packages/taichi/lang/impl.py", line 201, in maybe_transform_ti_func_call_to_stmt
    return func(*args, **kwargs)
  File "/home/seohy/miniconda3/envs/robocraft/lib/python3.8/site-packages/taichi/lang/common_ops.py", line 227, in assign
    return ti.assign(self, other)
  File "/home/seohy/miniconda3/envs/robocraft/lib/python3.8/site-packages/taichi/lang/ops.py", line 131, in wrapped
    return a.element_wise_writeback_binary(imp_foo, b)
  File "/home/seohy/miniconda3/envs/robocraft/lib/python3.8/site-packages/taichi/lang/matrix.py", line 179, in element_wise_writeback_binary
    ret.entries[i] = foo(self.entries[i], other.entries[i])

[W 09/14/26 13:29:47.140] [type_check.cpp:visit@100] [$16295] Local store may lose precision (target = f32, value = f64) at
[W 09/14/26 13:29:47.140] [type_check.cpp:visit@101] 
  File "/home/seohy/colcon_ws/src/RoboCraft/simulator/plb/engine/renderer/renderer.py", line 455, in render_multi
    contrib = self.trace(pos, d)
  File "/home/seohy/miniconda3/envs/robocraft/lib/python3.8/site-packages/taichi/lang/kernel_impl.py", line 50, in decorated
    return fun.__call__(*args)
  File "/home/seohy/miniconda3/envs/robocraft/lib/python3.8/site-packages/taichi/lang/kernel_impl.py", line 122, in __call__
    ret = self.compiled(*args)
  File "/home/seohy/colcon_ws/src/RoboCraft/simulator/plb/engine/renderer/renderer.py", line 363, in trace
    closest, normal, c, roughness, material = self.next_hit(pos, d)
  File "/home/seohy/miniconda3/envs/robocraft/lib/python3.8/site-packages/taichi/lang/kernel_impl.py", line 50, in decorated
    return fun.__call__(*args)
  File "/home/seohy/miniconda3/envs/robocraft/lib/python3.8/site-packages/taichi/lang/kernel_impl.py", line 122, in __call__
    ret = self.compiled(*args)
  File "/home/seohy/colcon_ws/src/RoboCraft/simulator/plb/engine/renderer/renderer.py", line 253, in next_hit
    dd = ti.cast(self.primitives[i].sdf(0, pp), ti.f32)
  File "/home/seohy/miniconda3/envs/robocraft/lib/python3.8/site-packages/taichi/lang/kernel_impl.py", line 50, in decorated
    return fun.__call__(*args)
  File "/home/seohy/miniconda3/envs/robocraft/lib/python3.8/site-packages/taichi/lang/kernel_impl.py", line 122, in __call__
    ret = self.compiled(*args)
  File "/home/seohy/colcon_ws/src/RoboCraft/simulator/plb/engine/primitive/primive_base.py", line 59, in sdf
    grid_pos = inv_trans(grid_pos, self.position[f], self.rotation[f])
  File "/home/seohy/miniconda3/envs/robocraft/lib/python3.8/site-packages/taichi/lang/util.py", line 163, in wrapped
    return func(*args, **kwargs)
  File "/home/seohy/miniconda3/envs/robocraft/lib/python3.8/site-packages/taichi/lang/impl.py", line 201, in maybe_transform_ti_func_call_to_stmt
    return func(*args, **kwargs)
  File "/home/seohy/miniconda3/envs/robocraft/lib/python3.8/site-packages/taichi/lang/common_ops.py", line 227, in assign
    return ti.assign(self, other)
  File "/home/seohy/miniconda3/envs/robocraft/lib/python3.8/site-packages/taichi/lang/ops.py", line 131, in wrapped
    return a.element_wise_writeback_binary(imp_foo, b)
  File "/home/seohy/miniconda3/envs/robocraft/lib/python3.8/site-packages/taichi/lang/matrix.py", line 179, in element_wise_writeback_binary
    ret.entries[i] = foo(self.entries[i], other.entries[i])

[W 09/14/26 13:29:47.140] [type_check.cpp:visit@70] [$16322] Atomic add (f64 to f32) may lose precision, at
[W 09/14/26 13:29:47.140] [type_check.cpp:visit@71] 

[W 09/14/26 13:29:47.140] [type_check.cpp:visit@70] [$16332] Atomic add (f64 to f32) may lose precision, at
[W 09/14/26 13:29:47.140] [type_check.cpp:visit@71] 

[W 09/14/26 13:29:47.140] [type_check.cpp:visit@100] [$16735] Local store may lose precision (target = f32, value = f64) at
[W 09/14/26 13:29:47.140] [type_check.cpp:visit@101] 
  File "/home/seohy/colcon_ws/src/RoboCraft/simulator/plb/engine/renderer/renderer.py", line 455, in render_multi
    contrib = self.trace(pos, d)
  File "/home/seohy/miniconda3/envs/robocraft/lib/python3.8/site-packages/taichi/lang/kernel_impl.py", line 50, in decorated
    return fun.__call__(*args)
  File "/home/seohy/miniconda3/envs/robocraft/lib/python3.8/site-packages/taichi/lang/kernel_impl.py", line 122, in __call__
    ret = self.compiled(*args)
  File "/home/seohy/colcon_ws/src/RoboCraft/simulator/plb/engine/renderer/renderer.py", line 363, in trace
    closest, normal, c, roughness, material = self.next_hit(pos, d)
  File "/home/seohy/miniconda3/envs/robocraft/lib/python3.8/site-packages/taichi/lang/kernel_impl.py", line 50, in decorated
    return fun.__call__(*args)
  File "/home/seohy/miniconda3/envs/robocraft/lib/python3.8/site-packages/taichi/lang/kernel_impl.py", line 122, in __call__
    ret = self.compiled(*args)
  File "/home/seohy/colcon_ws/src/RoboCraft/simulator/plb/engine/renderer/renderer.py", line 264, in next_hit
    normal = ti.cast(self.primitives[i].normal(0, o + dist * d), ti.f32)
  File "/home/seohy/miniconda3/envs/robocraft/lib/python3.8/site-packages/taichi/lang/kernel_impl.py", line 50, in decorated
    return fun.__call__(*args)
  File "/home/seohy/miniconda3/envs/robocraft/lib/python3.8/site-packages/taichi/lang/kernel_impl.py", line 122, in __call__
    ret = self.compiled(*args)
  File "/home/seohy/colcon_ws/src/RoboCraft/simulator/plb/engine/primitive/primive_base.py", line 79, in normal
    grid_pos = inv_trans(grid_pos, self.position[f], self.rotation[f])
  File "/home/seohy/miniconda3/envs/robocraft/lib/python3.8/site-packages/taichi/lang/util.py", line 163, in wrapped
    return func(*args, **kwargs)
  File "/home/seohy/miniconda3/envs/robocraft/lib/python3.8/site-packages/taichi/lang/impl.py", line 201, in maybe_transform_ti_func_call_to_stmt
    return func(*args, **kwargs)
  File "/home/seohy/miniconda3/envs/robocraft/lib/python3.8/site-packages/taichi/lang/common_ops.py", line 227, in assign
    return ti.assign(self, other)
  File "/home/seohy/miniconda3/envs/robocraft/lib/python3.8/site-packages/taichi/lang/ops.py", line 131, in wrapped
    return a.element_wise_writeback_binary(imp_foo, b)
  File "/home/seohy/miniconda3/envs/robocraft/lib/python3.8/site-packages/taichi/lang/matrix.py", line 179, in element_wise_writeback_binary
    ret.entries[i] = foo(self.entries[i], other.entries[i])

[W 09/14/26 13:29:47.140] [type_check.cpp:visit@100] [$16737] Local store may lose precision (target = f32, value = f64) at
[W 09/14/26 13:29:47.140] [type_check.cpp:visit@101] 
  File "/home/seohy/colcon_ws/src/RoboCraft/simulator/plb/engine/renderer/renderer.py", line 455, in render_multi
    contrib = self.trace(pos, d)
  File "/home/seohy/miniconda3/envs/robocraft/lib/python3.8/site-packages/taichi/lang/kernel_impl.py", line 50, in decorated
    return fun.__call__(*args)
  File "/home/seohy/miniconda3/envs/robocraft/lib/python3.8/site-packages/taichi/lang/kernel_impl.py", line 122, in __call__
    ret = self.compiled(*args)
  File "/home/seohy/colcon_ws/src/RoboCraft/simulator/plb/engine/renderer/renderer.py", line 363, in trace
    closest, normal, c, roughness, material = self.next_hit(pos, d)
  File "/home/seohy/miniconda3/envs/robocraft/lib/python3.8/site-packages/taichi/lang/kernel_impl.py", line 50, in decorated
    return fun.__call__(*args)
  File "/home/seohy/miniconda3/envs/robocraft/lib/python3.8/site-packages/taichi/lang/kernel_impl.py", line 122, in __call__
    ret = self.compiled(*args)
  File "/home/seohy/colcon_ws/src/RoboCraft/simulator/plb/engine/renderer/renderer.py", line 264, in next_hit
    normal = ti.cast(self.primitives[i].normal(0, o + dist * d), ti.f32)
  File "/home/seohy/miniconda3/envs/robocraft/lib/python3.8/site-packages/taichi/lang/kernel_impl.py", line 50, in decorated
    return fun.__call__(*args)
  File "/home/seohy/miniconda3/envs/robocraft/lib/python3.8/site-packages/taichi/lang/kernel_impl.py", line 122, in __call__
    ret = self.compiled(*args)
  File "/home/seohy/colcon_ws/src/RoboCraft/simulator/plb/engine/primitive/primive_base.py", line 79, in normal
    grid_pos = inv_trans(grid_pos, self.position[f], self.rotation[f])
  File "/home/seohy/miniconda3/envs/robocraft/lib/python3.8/site-packages/taichi/lang/util.py", line 163, in wrapped
    return func(*args, **kwargs)
  File "/home/seohy/miniconda3/envs/robocraft/lib/python3.8/site-packages/taichi/lang/impl.py", line 201, in maybe_transform_ti_func_call_to_stmt
    return func(*args, **kwargs)
  File "/home/seohy/miniconda3/envs/robocraft/lib/python3.8/site-packages/taichi/lang/common_ops.py", line 227, in assign
    return ti.assign(self, other)
  File "/home/seohy/miniconda3/envs/robocraft/lib/python3.8/site-packages/taichi/lang/ops.py", line 131, in wrapped
    return a.element_wise_writeback_binary(imp_foo, b)
  File "/home/seohy/miniconda3/envs/robocraft/lib/python3.8/site-packages/taichi/lang/matrix.py", line 179, in element_wise_writeback_binary
    ret.entries[i] = foo(self.entries[i], other.entries[i])

[W 09/14/26 13:29:47.140] [type_check.cpp:visit@100] [$16739] Local store may lose precision (target = f32, value = f64) at
[W 09/14/26 13:29:47.140] [type_check.cpp:visit@101] 
  File "/home/seohy/colcon_ws/src/RoboCraft/simulator/plb/engine/renderer/renderer.py", line 455, in render_multi
    contrib = self.trace(pos, d)
  File "/home/seohy/miniconda3/envs/robocraft/lib/python3.8/site-packages/taichi/lang/kernel_impl.py", line 50, in decorated
    return fun.__call__(*args)
  File "/home/seohy/miniconda3/envs/robocraft/lib/python3.8/site-packages/taichi/lang/kernel_impl.py", line 122, in __call__
    ret = self.compiled(*args)
  File "/home/seohy/colcon_ws/src/RoboCraft/simulator/plb/engine/renderer/renderer.py", line 363, in trace
    closest, normal, c, roughness, material = self.next_hit(pos, d)
  File "/home/seohy/miniconda3/envs/robocraft/lib/python3.8/site-packages/taichi/lang/kernel_impl.py", line 50, in decorated
    return fun.__call__(*args)
  File "/home/seohy/miniconda3/envs/robocraft/lib/python3.8/site-packages/taichi/lang/kernel_impl.py", line 122, in __call__
    ret = self.compiled(*args)
  File "/home/seohy/colcon_ws/src/RoboCraft/simulator/plb/engine/renderer/renderer.py", line 264, in next_hit
    normal = ti.cast(self.primitives[i].normal(0, o + dist * d), ti.f32)
  File "/home/seohy/miniconda3/envs/robocraft/lib/python3.8/site-packages/taichi/lang/kernel_impl.py", line 50, in decorated
    return fun.__call__(*args)
  File "/home/seohy/miniconda3/envs/robocraft/lib/python3.8/site-packages/taichi/lang/kernel_impl.py", line 122, in __call__
    ret = self.compiled(*args)
  File "/home/seohy/colcon_ws/src/RoboCraft/simulator/plb/engine/primitive/primive_base.py", line 79, in normal
    grid_pos = inv_trans(grid_pos, self.position[f], self.rotation[f])
  File "/home/seohy/miniconda3/envs/robocraft/lib/python3.8/site-packages/taichi/lang/util.py", line 163, in wrapped
    return func(*args, **kwargs)
  File "/home/seohy/miniconda3/envs/robocraft/lib/python3.8/site-packages/taichi/lang/impl.py", line 201, in maybe_transform_ti_func_call_to_stmt
    return func(*args, **kwargs)
  File "/home/seohy/miniconda3/envs/robocraft/lib/python3.8/site-packages/taichi/lang/common_ops.py", line 227, in assign
    return ti.assign(self, other)
  File "/home/seohy/miniconda3/envs/robocraft/lib/python3.8/site-packages/taichi/lang/ops.py", line 131, in wrapped
    return a.element_wise_writeback_binary(imp_foo, b)
  File "/home/seohy/miniconda3/envs/robocraft/lib/python3.8/site-packages/taichi/lang/matrix.py", line 179, in element_wise_writeback_binary
    ret.entries[i] = foo(self.entries[i], other.entries[i])

[W 09/14/26 13:29:47.140] [type_check.cpp:visit@70] [$16766] Atomic add (f64 to f32) may lose precision, at
[W 09/14/26 13:29:47.140] [type_check.cpp:visit@71] 

[W 09/14/26 13:29:47.140] [type_check.cpp:visit@70] [$16776] Atomic add (f64 to f32) may lose precision, at
[W 09/14/26 13:29:47.140] [type_check.cpp:visit@71] 

[W 09/14/26 13:29:47.140] [type_check.cpp:visit@100] [$17359] Local store may lose precision (target = f32, value = f64) at
[W 09/14/26 13:29:47.140] [type_check.cpp:visit@101] 
  File "/home/seohy/colcon_ws/src/RoboCraft/simulator/plb/engine/renderer/renderer.py", line 455, in render_multi
    contrib = self.trace(pos, d)
  File "/home/seohy/miniconda3/envs/robocraft/lib/python3.8/site-packages/taichi/lang/kernel_impl.py", line 50, in decorated
    return fun.__call__(*args)
  File "/home/seohy/miniconda3/envs/robocraft/lib/python3.8/site-packages/taichi/lang/kernel_impl.py", line 122, in __call__
    ret = self.compiled(*args)
  File "/home/seohy/colcon_ws/src/RoboCraft/simulator/plb/engine/renderer/renderer.py", line 363, in trace
    closest, normal, c, roughness, material = self.next_hit(pos, d)
  File "/home/seohy/miniconda3/envs/robocraft/lib/python3.8/site-packages/taichi/lang/kernel_impl.py", line 50, in decorated
    return fun.__call__(*args)
  File "/home/seohy/miniconda3/envs/robocraft/lib/python3.8/site-packages/taichi/lang/kernel_impl.py", line 122, in __call__
    ret = self.compiled(*args)
  File "/home/seohy/colcon_ws/src/RoboCraft/simulator/plb/engine/renderer/renderer.py", line 264, in next_hit
    normal = ti.cast(self.primitives[i].normal(0, o + dist * d), ti.f32)
  File "/home/seohy/miniconda3/envs/robocraft/lib/python3.8/site-packages/taichi/lang/kernel_impl.py", line 50, in decorated
    return fun.__call__(*args)
  File "/home/seohy/miniconda3/envs/robocraft/lib/python3.8/site-packages/taichi/lang/kernel_impl.py", line 122, in __call__
    ret = self.compiled(*args)
  File "/home/seohy/colcon_ws/src/RoboCraft/simulator/plb/engine/primitive/primive_base.py", line 79, in normal
    grid_pos = inv_trans(grid_pos, self.position[f], self.rotation[f])
  File "/home/seohy/miniconda3/envs/robocraft/lib/python3.8/site-packages/taichi/lang/util.py", line 163, in wrapped
    return func(*args, **kwargs)
  File "/home/seohy/miniconda3/envs/robocraft/lib/python3.8/site-packages/taichi/lang/impl.py", line 201, in maybe_transform_ti_func_call_to_stmt
    return func(*args, **kwargs)
  File "/home/seohy/miniconda3/envs/robocraft/lib/python3.8/site-packages/taichi/lang/common_ops.py", line 227, in assign
    return ti.assign(self, other)
  File "/home/seohy/miniconda3/envs/robocraft/lib/python3.8/site-packages/taichi/lang/ops.py", line 131, in wrapped
    return a.element_wise_writeback_binary(imp_foo, b)
  File "/home/seohy/miniconda3/envs/robocraft/lib/python3.8/site-packages/taichi/lang/matrix.py", line 179, in element_wise_writeback_binary
    ret.entries[i] = foo(self.entries[i], other.entries[i])

[W 09/14/26 13:29:47.140] [type_check.cpp:visit@100] [$17361] Local store may lose precision (target = f32, value = f64) at
[W 09/14/26 13:29:47.140] [type_check.cpp:visit@101] 
  File "/home/seohy/colcon_ws/src/RoboCraft/simulator/plb/engine/renderer/renderer.py", line 455, in render_multi
    contrib = self.trace(pos, d)
  File "/home/seohy/miniconda3/envs/robocraft/lib/python3.8/site-packages/taichi/lang/kernel_impl.py", line 50, in decorated
    return fun.__call__(*args)
  File "/home/seohy/miniconda3/envs/robocraft/lib/python3.8/site-packages/taichi/lang/kernel_impl.py", line 122, in __call__
    ret = self.compiled(*args)
  File "/home/seohy/colcon_ws/src/RoboCraft/simulator/plb/engine/renderer/renderer.py", line 363, in trace
    closest, normal, c, roughness, material = self.next_hit(pos, d)
  File "/home/seohy/miniconda3/envs/robocraft/lib/python3.8/site-packages/taichi/lang/kernel_impl.py", line 50, in decorated
    return fun.__call__(*args)
  File "/home/seohy/miniconda3/envs/robocraft/lib/python3.8/site-packages/taichi/lang/kernel_impl.py", line 122, in __call__
    ret = self.compiled(*args)
  File "/home/seohy/colcon_ws/src/RoboCraft/simulator/plb/engine/renderer/renderer.py", line 264, in next_hit
    normal = ti.cast(self.primitives[i].normal(0, o + dist * d), ti.f32)
  File "/home/seohy/miniconda3/envs/robocraft/lib/python3.8/site-packages/taichi/lang/kernel_impl.py", line 50, in decorated
    return fun.__call__(*args)
  File "/home/seohy/miniconda3/envs/robocraft/lib/python3.8/site-packages/taichi/lang/kernel_impl.py", line 122, in __call__
    ret = self.compiled(*args)
  File "/home/seohy/colcon_ws/src/RoboCraft/simulator/plb/engine/primitive/primive_base.py", line 79, in normal
    grid_pos = inv_trans(grid_pos, self.position[f], self.rotation[f])
  File "/home/seohy/miniconda3/envs/robocraft/lib/python3.8/site-packages/taichi/lang/util.py", line 163, in wrapped
    return func(*args, **kwargs)
  File "/home/seohy/miniconda3/envs/robocraft/lib/python3.8/site-packages/taichi/lang/impl.py", line 201, in maybe_transform_ti_func_call_to_stmt
    return func(*args, **kwargs)
  File "/home/seohy/miniconda3/envs/robocraft/lib/python3.8/site-packages/taichi/lang/common_ops.py", line 227, in assign
    return ti.assign(self, other)
  File "/home/seohy/miniconda3/envs/robocraft/lib/python3.8/site-packages/taichi/lang/ops.py", line 131, in wrapped
    return a.element_wise_writeback_binary(imp_foo, b)
  File "/home/seohy/miniconda3/envs/robocraft/lib/python3.8/site-packages/taichi/lang/matrix.py", line 179, in element_wise_writeback_binary
    ret.entries[i] = foo(self.entries[i], other.entries[i])

[W 09/14/26 13:29:47.140] [type_check.cpp:visit@100] [$17363] Local store may lose precision (target = f32, value = f64) at
[W 09/14/26 13:29:47.140] [type_check.cpp:visit@101] 
  File "/home/seohy/colcon_ws/src/RoboCraft/simulator/plb/engine/renderer/renderer.py", line 455, in render_multi
    contrib = self.trace(pos, d)
  File "/home/seohy/miniconda3/envs/robocraft/lib/python3.8/site-packages/taichi/lang/kernel_impl.py", line 50, in decorated
    return fun.__call__(*args)
  File "/home/seohy/miniconda3/envs/robocraft/lib/python3.8/site-packages/taichi/lang/kernel_impl.py", line 122, in __call__
    ret = self.compiled(*args)
  File "/home/seohy/colcon_ws/src/RoboCraft/simulator/plb/engine/renderer/renderer.py", line 363, in trace
    closest, normal, c, roughness, material = self.next_hit(pos, d)
  File "/home/seohy/miniconda3/envs/robocraft/lib/python3.8/site-packages/taichi/lang/kernel_impl.py", line 50, in decorated
    return fun.__call__(*args)
  File "/home/seohy/miniconda3/envs/robocraft/lib/python3.8/site-packages/taichi/lang/kernel_impl.py", line 122, in __call__
    ret = self.compiled(*args)
  File "/home/seohy/colcon_ws/src/RoboCraft/simulator/plb/engine/renderer/renderer.py", line 264, in next_hit
    normal = ti.cast(self.primitives[i].normal(0, o + dist * d), ti.f32)
  File "/home/seohy/miniconda3/envs/robocraft/lib/python3.8/site-packages/taichi/lang/kernel_impl.py", line 50, in decorated
    return fun.__call__(*args)
  File "/home/seohy/miniconda3/envs/robocraft/lib/python3.8/site-packages/taichi/lang/kernel_impl.py", line 122, in __call__
    ret = self.compiled(*args)
  File "/home/seohy/colcon_ws/src/RoboCraft/simulator/plb/engine/primitive/primive_base.py", line 79, in normal
    grid_pos = inv_trans(grid_pos, self.position[f], self.rotation[f])
  File "/home/seohy/miniconda3/envs/robocraft/lib/python3.8/site-packages/taichi/lang/util.py", line 163, in wrapped
    return func(*args, **kwargs)
  File "/home/seohy/miniconda3/envs/robocraft/lib/python3.8/site-packages/taichi/lang/impl.py", line 201, in maybe_transform_ti_func_call_to_stmt
    return func(*args, **kwargs)
  File "/home/seohy/miniconda3/envs/robocraft/lib/python3.8/site-packages/taichi/lang/common_ops.py", line 227, in assign
    return ti.assign(self, other)
  File "/home/seohy/miniconda3/envs/robocraft/lib/python3.8/site-packages/taichi/lang/ops.py", line 131, in wrapped
    return a.element_wise_writeback_binary(imp_foo, b)
  File "/home/seohy/miniconda3/envs/robocraft/lib/python3.8/site-packages/taichi/lang/matrix.py", line 179, in element_wise_writeback_binary
    ret.entries[i] = foo(self.entries[i], other.entries[i])

[W 09/14/26 13:29:47.140] [type_check.cpp:visit@70] [$17390] Atomic add (f64 to f32) may lose precision, at
[W 09/14/26 13:29:47.140] [type_check.cpp:visit@71] 

[W 09/14/26 13:29:47.140] [type_check.cpp:visit@70] [$17400] Atomic add (f64 to f32) may lose precision, at
[W 09/14/26 13:29:47.140] [type_check.cpp:visit@71] 

[W 09/14/26 13:29:47.141] [type_check.cpp:visit@100] [$25534] Local store may lose precision (target = f32, value = f64) at
[W 09/14/26 13:29:47.141] [type_check.cpp:visit@101] 
  File "/home/seohy/colcon_ws/src/RoboCraft/simulator/plb/engine/renderer/renderer.py", line 456, in render_multi
    depth = self.next_hit(pos, d)[0]
  File "/home/seohy/miniconda3/envs/robocraft/lib/python3.8/site-packages/taichi/lang/kernel_impl.py", line 50, in decorated
    return fun.__call__(*args)
  File "/home/seohy/miniconda3/envs/robocraft/lib/python3.8/site-packages/taichi/lang/kernel_impl.py", line 122, in __call__
    ret = self.compiled(*args)
  File "/home/seohy/colcon_ws/src/RoboCraft/simulator/plb/engine/renderer/renderer.py", line 253, in next_hit
    dd = ti.cast(self.primitives[i].sdf(0, pp), ti.f32)
  File "/home/seohy/miniconda3/envs/robocraft/lib/python3.8/site-packages/taichi/lang/kernel_impl.py", line 50, in decorated
    return fun.__call__(*args)
  File "/home/seohy/miniconda3/envs/robocraft/lib/python3.8/site-packages/taichi/lang/kernel_impl.py", line 122, in __call__
    ret = self.compiled(*args)
  File "/home/seohy/colcon_ws/src/RoboCraft/simulator/plb/engine/primitive/primive_base.py", line 59, in sdf
    grid_pos = inv_trans(grid_pos, self.position[f], self.rotation[f])
  File "/home/seohy/miniconda3/envs/robocraft/lib/python3.8/site-packages/taichi/lang/util.py", line 163, in wrapped
    return func(*args, **kwargs)
  File "/home/seohy/miniconda3/envs/robocraft/lib/python3.8/site-packages/taichi/lang/impl.py", line 201, in maybe_transform_ti_func_call_to_stmt
    return func(*args, **kwargs)
  File "/home/seohy/miniconda3/envs/robocraft/lib/python3.8/site-packages/taichi/lang/common_ops.py", line 227, in assign
    return ti.assign(self, other)
  File "/home/seohy/miniconda3/envs/robocraft/lib/python3.8/site-packages/taichi/lang/ops.py", line 131, in wrapped
    return a.element_wise_writeback_binary(imp_foo, b)
  File "/home/seohy/miniconda3/envs/robocraft/lib/python3.8/site-packages/taichi/lang/matrix.py", line 179, in element_wise_writeback_binary
    ret.entries[i] = foo(self.entries[i], other.entries[i])

[W 09/14/26 13:29:47.141] [type_check.cpp:visit@100] [$25536] Local store may lose precision (target = f32, value = f64) at
[W 09/14/26 13:29:47.141] [type_check.cpp:visit@101] 
  File "/home/seohy/colcon_ws/src/RoboCraft/simulator/plb/engine/renderer/renderer.py", line 456, in render_multi
    depth = self.next_hit(pos, d)[0]
  File "/home/seohy/miniconda3/envs/robocraft/lib/python3.8/site-packages/taichi/lang/kernel_impl.py", line 50, in decorated
    return fun.__call__(*args)
  File "/home/seohy/miniconda3/envs/robocraft/lib/python3.8/site-packages/taichi/lang/kernel_impl.py", line 122, in __call__
    ret = self.compiled(*args)
  File "/home/seohy/colcon_ws/src/RoboCraft/simulator/plb/engine/renderer/renderer.py", line 253, in next_hit
    dd = ti.cast(self.primitives[i].sdf(0, pp), ti.f32)
  File "/home/seohy/miniconda3/envs/robocraft/lib/python3.8/site-packages/taichi/lang/kernel_impl.py", line 50, in decorated
    return fun.__call__(*args)
  File "/home/seohy/miniconda3/envs/robocraft/lib/python3.8/site-packages/taichi/lang/kernel_impl.py", line 122, in __call__
    ret = self.compiled(*args)
  File "/home/seohy/colcon_ws/src/RoboCraft/simulator/plb/engine/primitive/primive_base.py", line 59, in sdf
    grid_pos = inv_trans(grid_pos, self.position[f], self.rotation[f])
  File "/home/seohy/miniconda3/envs/robocraft/lib/python3.8/site-packages/taichi/lang/util.py", line 163, in wrapped
    return func(*args, **kwargs)
  File "/home/seohy/miniconda3/envs/robocraft/lib/python3.8/site-packages/taichi/lang/impl.py", line 201, in maybe_transform_ti_func_call_to_stmt
    return func(*args, **kwargs)
  File "/home/seohy/miniconda3/envs/robocraft/lib/python3.8/site-packages/taichi/lang/common_ops.py", line 227, in assign
    return ti.assign(self, other)
  File "/home/seohy/miniconda3/envs/robocraft/lib/python3.8/site-packages/taichi/lang/ops.py", line 131, in wrapped
    return a.element_wise_writeback_binary(imp_foo, b)
  File "/home/seohy/miniconda3/envs/robocraft/lib/python3.8/site-packages/taichi/lang/matrix.py", line 179, in element_wise_writeback_binary
    ret.entries[i] = foo(self.entries[i], other.entries[i])

[W 09/14/26 13:29:47.141] [type_check.cpp:visit@100] [$25538] Local store may lose precision (target = f32, value = f64) at
[W 09/14/26 13:29:47.141] [type_check.cpp:visit@101] 
  File "/home/seohy/colcon_ws/src/RoboCraft/simulator/plb/engine/renderer/renderer.py", line 456, in render_multi
    depth = self.next_hit(pos, d)[0]
  File "/home/seohy/miniconda3/envs/robocraft/lib/python3.8/site-packages/taichi/lang/kernel_impl.py", line 50, in decorated
    return fun.__call__(*args)
  File "/home/seohy/miniconda3/envs/robocraft/lib/python3.8/site-packages/taichi/lang/kernel_impl.py", line 122, in __call__
    ret = self.compiled(*args)
  File "/home/seohy/colcon_ws/src/RoboCraft/simulator/plb/engine/renderer/renderer.py", line 253, in next_hit
    dd = ti.cast(self.primitives[i].sdf(0, pp), ti.f32)
  File "/home/seohy/miniconda3/envs/robocraft/lib/python3.8/site-packages/taichi/lang/kernel_impl.py", line 50, in decorated
    return fun.__call__(*args)
  File "/home/seohy/miniconda3/envs/robocraft/lib/python3.8/site-packages/taichi/lang/kernel_impl.py", line 122, in __call__
    ret = self.compiled(*args)
  File "/home/seohy/colcon_ws/src/RoboCraft/simulator/plb/engine/primitive/primive_base.py", line 59, in sdf
    grid_pos = inv_trans(grid_pos, self.position[f], self.rotation[f])
  File "/home/seohy/miniconda3/envs/robocraft/lib/python3.8/site-packages/taichi/lang/util.py", line 163, in wrapped
    return func(*args, **kwargs)
  File "/home/seohy/miniconda3/envs/robocraft/lib/python3.8/site-packages/taichi/lang/impl.py", line 201, in maybe_transform_ti_func_call_to_stmt
    return func(*args, **kwargs)
  File "/home/seohy/miniconda3/envs/robocraft/lib/python3.8/site-packages/taichi/lang/common_ops.py", line 227, in assign
    return ti.assign(self, other)
  File "/home/seohy/miniconda3/envs/robocraft/lib/python3.8/site-packages/taichi/lang/ops.py", line 131, in wrapped
    return a.element_wise_writeback_binary(imp_foo, b)
  File "/home/seohy/miniconda3/envs/robocraft/lib/python3.8/site-packages/taichi/lang/matrix.py", line 179, in element_wise_writeback_binary
    ret.entries[i] = foo(self.entries[i], other.entries[i])

[W 09/14/26 13:29:47.141] [type_check.cpp:visit@70] [$25565] Atomic add (f64 to f32) may lose precision, at
[W 09/14/26 13:29:47.141] [type_check.cpp:visit@71] 

[W 09/14/26 13:29:47.141] [type_check.cpp:visit@70] [$25575] Atomic add (f64 to f32) may lose precision, at
[W 09/14/26 13:29:47.141] [type_check.cpp:visit@71] 

[W 09/14/26 13:29:47.141] [type_check.cpp:visit@100] [$25928] Local store may lose precision (target = f32, value = f64) at
[W 09/14/26 13:29:47.141] [type_check.cpp:visit@101] 
  File "/home/seohy/colcon_ws/src/RoboCraft/simulator/plb/engine/renderer/renderer.py", line 456, in render_multi
    depth = self.next_hit(pos, d)[0]
  File "/home/seohy/miniconda3/envs/robocraft/lib/python3.8/site-packages/taichi/lang/kernel_impl.py", line 50, in decorated
    return fun.__call__(*args)
  File "/home/seohy/miniconda3/envs/robocraft/lib/python3.8/site-packages/taichi/lang/kernel_impl.py", line 122, in __call__
    ret = self.compiled(*args)
  File "/home/seohy/colcon_ws/src/RoboCraft/simulator/plb/engine/renderer/renderer.py", line 253, in next_hit
    dd = ti.cast(self.primitives[i].sdf(0, pp), ti.f32)
  File "/home/seohy/miniconda3/envs/robocraft/lib/python3.8/site-packages/taichi/lang/kernel_impl.py", line 50, in decorated
    return fun.__call__(*args)
  File "/home/seohy/miniconda3/envs/robocraft/lib/python3.8/site-packages/taichi/lang/kernel_impl.py", line 122, in __call__
    ret = self.compiled(*args)
  File "/home/seohy/colcon_ws/src/RoboCraft/simulator/plb/engine/primitive/primive_base.py", line 59, in sdf
    grid_pos = inv_trans(grid_pos, self.position[f], self.rotation[f])
  File "/home/seohy/miniconda3/envs/robocraft/lib/python3.8/site-packages/taichi/lang/util.py", line 163, in wrapped
    return func(*args, **kwargs)
  File "/home/seohy/miniconda3/envs/robocraft/lib/python3.8/site-packages/taichi/lang/impl.py", line 201, in maybe_transform_ti_func_call_to_stmt
    return func(*args, **kwargs)
  File "/home/seohy/miniconda3/envs/robocraft/lib/python3.8/site-packages/taichi/lang/common_ops.py", line 227, in assign
    return ti.assign(self, other)
  File "/home/seohy/miniconda3/envs/robocraft/lib/python3.8/site-packages/taichi/lang/ops.py", line 131, in wrapped
    return a.element_wise_writeback_binary(imp_foo, b)
  File "/home/seohy/miniconda3/envs/robocraft/lib/python3.8/site-packages/taichi/lang/matrix.py", line 179, in element_wise_writeback_binary
    ret.entries[i] = foo(self.entries[i], other.entries[i])

[W 09/14/26 13:29:47.141] [type_check.cpp:visit@100] [$25930] Local store may lose precision (target = f32, value = f64) at
[W 09/14/26 13:29:47.141] [type_check.cpp:visit@101] 
  File "/home/seohy/colcon_ws/src/RoboCraft/simulator/plb/engine/renderer/renderer.py", line 456, in render_multi
    depth = self.next_hit(pos, d)[0]
  File "/home/seohy/miniconda3/envs/robocraft/lib/python3.8/site-packages/taichi/lang/kernel_impl.py", line 50, in decorated
    return fun.__call__(*args)
  File "/home/seohy/miniconda3/envs/robocraft/lib/python3.8/site-packages/taichi/lang/kernel_impl.py", line 122, in __call__
    ret = self.compiled(*args)
  File "/home/seohy/colcon_ws/src/RoboCraft/simulator/plb/engine/renderer/renderer.py", line 253, in next_hit
    dd = ti.cast(self.primitives[i].sdf(0, pp), ti.f32)
  File "/home/seohy/miniconda3/envs/robocraft/lib/python3.8/site-packages/taichi/lang/kernel_impl.py", line 50, in decorated
    return fun.__call__(*args)
  File "/home/seohy/miniconda3/envs/robocraft/lib/python3.8/site-packages/taichi/lang/kernel_impl.py", line 122, in __call__
    ret = self.compiled(*args)
  File "/home/seohy/colcon_ws/src/RoboCraft/simulator/plb/engine/primitive/primive_base.py", line 59, in sdf
    grid_pos = inv_trans(grid_pos, self.position[f], self.rotation[f])
  File "/home/seohy/miniconda3/envs/robocraft/lib/python3.8/site-packages/taichi/lang/util.py", line 163, in wrapped
    return func(*args, **kwargs)
  File "/home/seohy/miniconda3/envs/robocraft/lib/python3.8/site-packages/taichi/lang/impl.py", line 201, in maybe_transform_ti_func_call_to_stmt
    return func(*args, **kwargs)
  File "/home/seohy/miniconda3/envs/robocraft/lib/python3.8/site-packages/taichi/lang/common_ops.py", line 227, in assign
    return ti.assign(self, other)
  File "/home/seohy/miniconda3/envs/robocraft/lib/python3.8/site-packages/taichi/lang/ops.py", line 131, in wrapped
    return a.element_wise_writeback_binary(imp_foo, b)
  File "/home/seohy/miniconda3/envs/robocraft/lib/python3.8/site-packages/taichi/lang/matrix.py", line 179, in element_wise_writeback_binary
    ret.entries[i] = foo(self.entries[i], other.entries[i])

[W 09/14/26 13:29:47.141] [type_check.cpp:visit@100] [$25932] Local store may lose precision (target = f32, value = f64) at
[W 09/14/26 13:29:47.141] [type_check.cpp:visit@101] 
  File "/home/seohy/colcon_ws/src/RoboCraft/simulator/plb/engine/renderer/renderer.py", line 456, in render_multi
    depth = self.next_hit(pos, d)[0]
  File "/home/seohy/miniconda3/envs/robocraft/lib/python3.8/site-packages/taichi/lang/kernel_impl.py", line 50, in decorated
    return fun.__call__(*args)
  File "/home/seohy/miniconda3/envs/robocraft/lib/python3.8/site-packages/taichi/lang/kernel_impl.py", line 122, in __call__
    ret = self.compiled(*args)
  File "/home/seohy/colcon_ws/src/RoboCraft/simulator/plb/engine/renderer/renderer.py", line 253, in next_hit
    dd = ti.cast(self.primitives[i].sdf(0, pp), ti.f32)
  File "/home/seohy/miniconda3/envs/robocraft/lib/python3.8/site-packages/taichi/lang/kernel_impl.py", line 50, in decorated
    return fun.__call__(*args)
  File "/home/seohy/miniconda3/envs/robocraft/lib/python3.8/site-packages/taichi/lang/kernel_impl.py", line 122, in __call__
    ret = self.compiled(*args)
  File "/home/seohy/colcon_ws/src/RoboCraft/simulator/plb/engine/primitive/primive_base.py", line 59, in sdf
    grid_pos = inv_trans(grid_pos, self.position[f], self.rotation[f])
  File "/home/seohy/miniconda3/envs/robocraft/lib/python3.8/site-packages/taichi/lang/util.py", line 163, in wrapped
    return func(*args, **kwargs)
  File "/home/seohy/miniconda3/envs/robocraft/lib/python3.8/site-packages/taichi/lang/impl.py", line 201, in maybe_transform_ti_func_call_to_stmt
    return func(*args, **kwargs)
  File "/home/seohy/miniconda3/envs/robocraft/lib/python3.8/site-packages/taichi/lang/common_ops.py", line 227, in assign
    return ti.assign(self, other)
  File "/home/seohy/miniconda3/envs/robocraft/lib/python3.8/site-packages/taichi/lang/ops.py", line 131, in wrapped
    return a.element_wise_writeback_binary(imp_foo, b)
  File "/home/seohy/miniconda3/envs/robocraft/lib/python3.8/site-packages/taichi/lang/matrix.py", line 179, in element_wise_writeback_binary
    ret.entries[i] = foo(self.entries[i], other.entries[i])

[W 09/14/26 13:29:47.141] [type_check.cpp:visit@70] [$25959] Atomic add (f64 to f32) may lose precision, at
[W 09/14/26 13:29:47.141] [type_check.cpp:visit@71] 

[W 09/14/26 13:29:47.141] [type_check.cpp:visit@70] [$25969] Atomic add (f64 to f32) may lose precision, at
[W 09/14/26 13:29:47.141] [type_check.cpp:visit@71] 

[W 09/14/26 13:29:47.141] [type_check.cpp:visit@100] [$26372] Local store may lose precision (target = f32, value = f64) at
[W 09/14/26 13:29:47.141] [type_check.cpp:visit@101] 
  File "/home/seohy/colcon_ws/src/RoboCraft/simulator/plb/engine/renderer/renderer.py", line 456, in render_multi
    depth = self.next_hit(pos, d)[0]
  File "/home/seohy/miniconda3/envs/robocraft/lib/python3.8/site-packages/taichi/lang/kernel_impl.py", line 50, in decorated
    return fun.__call__(*args)
  File "/home/seohy/miniconda3/envs/robocraft/lib/python3.8/site-packages/taichi/lang/kernel_impl.py", line 122, in __call__
    ret = self.compiled(*args)
  File "/home/seohy/colcon_ws/src/RoboCraft/simulator/plb/engine/renderer/renderer.py", line 264, in next_hit
    normal = ti.cast(self.primitives[i].normal(0, o + dist * d), ti.f32)
  File "/home/seohy/miniconda3/envs/robocraft/lib/python3.8/site-packages/taichi/lang/kernel_impl.py", line 50, in decorated
    return fun.__call__(*args)
  File "/home/seohy/miniconda3/envs/robocraft/lib/python3.8/site-packages/taichi/lang/kernel_impl.py", line 122, in __call__
    ret = self.compiled(*args)
  File "/home/seohy/colcon_ws/src/RoboCraft/simulator/plb/engine/primitive/primive_base.py", line 79, in normal
    grid_pos = inv_trans(grid_pos, self.position[f], self.rotation[f])
  File "/home/seohy/miniconda3/envs/robocraft/lib/python3.8/site-packages/taichi/lang/util.py", line 163, in wrapped
    return func(*args, **kwargs)
  File "/home/seohy/miniconda3/envs/robocraft/lib/python3.8/site-packages/taichi/lang/impl.py", line 201, in maybe_transform_ti_func_call_to_stmt
    return func(*args, **kwargs)
  File "/home/seohy/miniconda3/envs/robocraft/lib/python3.8/site-packages/taichi/lang/common_ops.py", line 227, in assign
    return ti.assign(self, other)
  File "/home/seohy/miniconda3/envs/robocraft/lib/python3.8/site-packages/taichi/lang/ops.py", line 131, in wrapped
    return a.element_wise_writeback_binary(imp_foo, b)
  File "/home/seohy/miniconda3/envs/robocraft/lib/python3.8/site-packages/taichi/lang/matrix.py", line 179, in element_wise_writeback_binary
    ret.entries[i] = foo(self.entries[i], other.entries[i])

[W 09/14/26 13:29:47.141] [type_check.cpp:visit@100] [$26374] Local store may lose precision (target = f32, value = f64) at
[W 09/14/26 13:29:47.141] [type_check.cpp:visit@101] 
  File "/home/seohy/colcon_ws/src/RoboCraft/simulator/plb/engine/renderer/renderer.py", line 456, in render_multi
    depth = self.next_hit(pos, d)[0]
  File "/home/seohy/miniconda3/envs/robocraft/lib/python3.8/site-packages/taichi/lang/kernel_impl.py", line 50, in decorated
    return fun.__call__(*args)
  File "/home/seohy/miniconda3/envs/robocraft/lib/python3.8/site-packages/taichi/lang/kernel_impl.py", line 122, in __call__
    ret = self.compiled(*args)
  File "/home/seohy/colcon_ws/src/RoboCraft/simulator/plb/engine/renderer/renderer.py", line 264, in next_hit
    normal = ti.cast(self.primitives[i].normal(0, o + dist * d), ti.f32)
  File "/home/seohy/miniconda3/envs/robocraft/lib/python3.8/site-packages/taichi/lang/kernel_impl.py", line 50, in decorated
    return fun.__call__(*args)
  File "/home/seohy/miniconda3/envs/robocraft/lib/python3.8/site-packages/taichi/lang/kernel_impl.py", line 122, in __call__
    ret = self.compiled(*args)
  File "/home/seohy/colcon_ws/src/RoboCraft/simulator/plb/engine/primitive/primive_base.py", line 79, in normal
    grid_pos = inv_trans(grid_pos, self.position[f], self.rotation[f])
  File "/home/seohy/miniconda3/envs/robocraft/lib/python3.8/site-packages/taichi/lang/util.py", line 163, in wrapped
    return func(*args, **kwargs)
  File "/home/seohy/miniconda3/envs/robocraft/lib/python3.8/site-packages/taichi/lang/impl.py", line 201, in maybe_transform_ti_func_call_to_stmt
    return func(*args, **kwargs)
  File "/home/seohy/miniconda3/envs/robocraft/lib/python3.8/site-packages/taichi/lang/common_ops.py", line 227, in assign
    return ti.assign(self, other)
  File "/home/seohy/miniconda3/envs/robocraft/lib/python3.8/site-packages/taichi/lang/ops.py", line 131, in wrapped
    return a.element_wise_writeback_binary(imp_foo, b)
  File "/home/seohy/miniconda3/envs/robocraft/lib/python3.8/site-packages/taichi/lang/matrix.py", line 179, in element_wise_writeback_binary
    ret.entries[i] = foo(self.entries[i], other.entries[i])

[W 09/14/26 13:29:47.141] [type_check.cpp:visit@100] [$26376] Local store may lose precision (target = f32, value = f64) at
[W 09/14/26 13:29:47.141] [type_check.cpp:visit@101] 
  File "/home/seohy/colcon_ws/src/RoboCraft/simulator/plb/engine/renderer/renderer.py", line 456, in render_multi
    depth = self.next_hit(pos, d)[0]
  File "/home/seohy/miniconda3/envs/robocraft/lib/python3.8/site-packages/taichi/lang/kernel_impl.py", line 50, in decorated
    return fun.__call__(*args)
  File "/home/seohy/miniconda3/envs/robocraft/lib/python3.8/site-packages/taichi/lang/kernel_impl.py", line 122, in __call__
    ret = self.compiled(*args)
  File "/home/seohy/colcon_ws/src/RoboCraft/simulator/plb/engine/renderer/renderer.py", line 264, in next_hit
    normal = ti.cast(self.primitives[i].normal(0, o + dist * d), ti.f32)
  File "/home/seohy/miniconda3/envs/robocraft/lib/python3.8/site-packages/taichi/lang/kernel_impl.py", line 50, in decorated
    return fun.__call__(*args)
  File "/home/seohy/miniconda3/envs/robocraft/lib/python3.8/site-packages/taichi/lang/kernel_impl.py", line 122, in __call__
    ret = self.compiled(*args)
  File "/home/seohy/colcon_ws/src/RoboCraft/simulator/plb/engine/primitive/primive_base.py", line 79, in normal
    grid_pos = inv_trans(grid_pos, self.position[f], self.rotation[f])
  File "/home/seohy/miniconda3/envs/robocraft/lib/python3.8/site-packages/taichi/lang/util.py", line 163, in wrapped
    return func(*args, **kwargs)
  File "/home/seohy/miniconda3/envs/robocraft/lib/python3.8/site-packages/taichi/lang/impl.py", line 201, in maybe_transform_ti_func_call_to_stmt
    return func(*args, **kwargs)
  File "/home/seohy/miniconda3/envs/robocraft/lib/python3.8/site-packages/taichi/lang/common_ops.py", line 227, in assign
    return ti.assign(self, other)
  File "/home/seohy/miniconda3/envs/robocraft/lib/python3.8/site-packages/taichi/lang/ops.py", line 131, in wrapped
    return a.element_wise_writeback_binary(imp_foo, b)
  File "/home/seohy/miniconda3/envs/robocraft/lib/python3.8/site-packages/taichi/lang/matrix.py", line 179, in element_wise_writeback_binary
    ret.entries[i] = foo(self.entries[i], other.entries[i])

[W 09/14/26 13:29:47.141] [type_check.cpp:visit@70] [$26403] Atomic add (f64 to f32) may lose precision, at
[W 09/14/26 13:29:47.141] [type_check.cpp:visit@71] 

[W 09/14/26 13:29:47.141] [type_check.cpp:visit@70] [$26413] Atomic add (f64 to f32) may lose precision, at
[W 09/14/26 13:29:47.141] [type_check.cpp:visit@71] 

[W 09/14/26 13:29:47.141] [type_check.cpp:visit@100] [$26996] Local store may lose precision (target = f32, value = f64) at
[W 09/14/26 13:29:47.141] [type_check.cpp:visit@101] 
  File "/home/seohy/colcon_ws/src/RoboCraft/simulator/plb/engine/renderer/renderer.py", line 456, in render_multi
    depth = self.next_hit(pos, d)[0]
  File "/home/seohy/miniconda3/envs/robocraft/lib/python3.8/site-packages/taichi/lang/kernel_impl.py", line 50, in decorated
    return fun.__call__(*args)
  File "/home/seohy/miniconda3/envs/robocraft/lib/python3.8/site-packages/taichi/lang/kernel_impl.py", line 122, in __call__
    ret = self.compiled(*args)
  File "/home/seohy/colcon_ws/src/RoboCraft/simulator/plb/engine/renderer/renderer.py", line 264, in next_hit
    normal = ti.cast(self.primitives[i].normal(0, o + dist * d), ti.f32)
  File "/home/seohy/miniconda3/envs/robocraft/lib/python3.8/site-packages/taichi/lang/kernel_impl.py", line 50, in decorated
    return fun.__call__(*args)
  File "/home/seohy/miniconda3/envs/robocraft/lib/python3.8/site-packages/taichi/lang/kernel_impl.py", line 122, in __call__
    ret = self.compiled(*args)
  File "/home/seohy/colcon_ws/src/RoboCraft/simulator/plb/engine/primitive/primive_base.py", line 79, in normal
    grid_pos = inv_trans(grid_pos, self.position[f], self.rotation[f])
  File "/home/seohy/miniconda3/envs/robocraft/lib/python3.8/site-packages/taichi/lang/util.py", line 163, in wrapped
    return func(*args, **kwargs)
  File "/home/seohy/miniconda3/envs/robocraft/lib/python3.8/site-packages/taichi/lang/impl.py", line 201, in maybe_transform_ti_func_call_to_stmt
    return func(*args, **kwargs)
  File "/home/seohy/miniconda3/envs/robocraft/lib/python3.8/site-packages/taichi/lang/common_ops.py", line 227, in assign
    return ti.assign(self, other)
  File "/home/seohy/miniconda3/envs/robocraft/lib/python3.8/site-packages/taichi/lang/ops.py", line 131, in wrapped
    return a.element_wise_writeback_binary(imp_foo, b)
  File "/home/seohy/miniconda3/envs/robocraft/lib/python3.8/site-packages/taichi/lang/matrix.py", line 179, in element_wise_writeback_binary
    ret.entries[i] = foo(self.entries[i], other.entries[i])

[W 09/14/26 13:29:47.141] [type_check.cpp:visit@100] [$26998] Local store may lose precision (target = f32, value = f64) at
[W 09/14/26 13:29:47.141] [type_check.cpp:visit@101] 
  File "/home/seohy/colcon_ws/src/RoboCraft/simulator/plb/engine/renderer/renderer.py", line 456, in render_multi
    depth = self.next_hit(pos, d)[0]
  File "/home/seohy/miniconda3/envs/robocraft/lib/python3.8/site-packages/taichi/lang/kernel_impl.py", line 50, in decorated
    return fun.__call__(*args)
  File "/home/seohy/miniconda3/envs/robocraft/lib/python3.8/site-packages/taichi/lang/kernel_impl.py", line 122, in __call__
    ret = self.compiled(*args)
  File "/home/seohy/colcon_ws/src/RoboCraft/simulator/plb/engine/renderer/renderer.py", line 264, in next_hit
    normal = ti.cast(self.primitives[i].normal(0, o + dist * d), ti.f32)
  File "/home/seohy/miniconda3/envs/robocraft/lib/python3.8/site-packages/taichi/lang/kernel_impl.py", line 50, in decorated
    return fun.__call__(*args)
  File "/home/seohy/miniconda3/envs/robocraft/lib/python3.8/site-packages/taichi/lang/kernel_impl.py", line 122, in __call__
    ret = self.compiled(*args)
  File "/home/seohy/colcon_ws/src/RoboCraft/simulator/plb/engine/primitive/primive_base.py", line 79, in normal
    grid_pos = inv_trans(grid_pos, self.position[f], self.rotation[f])
  File "/home/seohy/miniconda3/envs/robocraft/lib/python3.8/site-packages/taichi/lang/util.py", line 163, in wrapped
    return func(*args, **kwargs)
  File "/home/seohy/miniconda3/envs/robocraft/lib/python3.8/site-packages/taichi/lang/impl.py", line 201, in maybe_transform_ti_func_call_to_stmt
    return func(*args, **kwargs)
  File "/home/seohy/miniconda3/envs/robocraft/lib/python3.8/site-packages/taichi/lang/common_ops.py", line 227, in assign
    return ti.assign(self, other)
  File "/home/seohy/miniconda3/envs/robocraft/lib/python3.8/site-packages/taichi/lang/ops.py", line 131, in wrapped
    return a.element_wise_writeback_binary(imp_foo, b)
  File "/home/seohy/miniconda3/envs/robocraft/lib/python3.8/site-packages/taichi/lang/matrix.py", line 179, in element_wise_writeback_binary
    ret.entries[i] = foo(self.entries[i], other.entries[i])

[W 09/14/26 13:29:47.141] [type_check.cpp:visit@100] [$27000] Local store may lose precision (target = f32, value = f64) at
[W 09/14/26 13:29:47.141] [type_check.cpp:visit@101] 
  File "/home/seohy/colcon_ws/src/RoboCraft/simulator/plb/engine/renderer/renderer.py", line 456, in render_multi
    depth = self.next_hit(pos, d)[0]
  File "/home/seohy/miniconda3/envs/robocraft/lib/python3.8/site-packages/taichi/lang/kernel_impl.py", line 50, in decorated
    return fun.__call__(*args)
  File "/home/seohy/miniconda3/envs/robocraft/lib/python3.8/site-packages/taichi/lang/kernel_impl.py", line 122, in __call__
    ret = self.compiled(*args)
  File "/home/seohy/colcon_ws/src/RoboCraft/simulator/plb/engine/renderer/renderer.py", line 264, in next_hit
    normal = ti.cast(self.primitives[i].normal(0, o + dist * d), ti.f32)
  File "/home/seohy/miniconda3/envs/robocraft/lib/python3.8/site-packages/taichi/lang/kernel_impl.py", line 50, in decorated
    return fun.__call__(*args)
  File "/home/seohy/miniconda3/envs/robocraft/lib/python3.8/site-packages/taichi/lang/kernel_impl.py", line 122, in __call__
    ret = self.compiled(*args)
  File "/home/seohy/colcon_ws/src/RoboCraft/simulator/plb/engine/primitive/primive_base.py", line 79, in normal
    grid_pos = inv_trans(grid_pos, self.position[f], self.rotation[f])
  File "/home/seohy/miniconda3/envs/robocraft/lib/python3.8/site-packages/taichi/lang/util.py", line 163, in wrapped
    return func(*args, **kwargs)
  File "/home/seohy/miniconda3/envs/robocraft/lib/python3.8/site-packages/taichi/lang/impl.py", line 201, in maybe_transform_ti_func_call_to_stmt
    return func(*args, **kwargs)
  File "/home/seohy/miniconda3/envs/robocraft/lib/python3.8/site-packages/taichi/lang/common_ops.py", line 227, in assign
    return ti.assign(self, other)
  File "/home/seohy/miniconda3/envs/robocraft/lib/python3.8/site-packages/taichi/lang/ops.py", line 131, in wrapped
    return a.element_wise_writeback_binary(imp_foo, b)
  File "/home/seohy/miniconda3/envs/robocraft/lib/python3.8/site-packages/taichi/lang/matrix.py", line 179, in element_wise_writeback_binary
    ret.entries[i] = foo(self.entries[i], other.entries[i])

[W 09/14/26 13:29:47.141] [type_check.cpp:visit@70] [$27027] Atomic add (f64 to f32) may lose precision, at
[W 09/14/26 13:29:47.141] [type_check.cpp:visit@71] 

[W 09/14/26 13:29:47.141] [type_check.cpp:visit@70] [$27037] Atomic add (f64 to f32) may lose precision, at
[W 09/14/26 13:29:47.141] [type_check.cpp:visit@71] 

[W 09/14/26 13:29:57.984] [type_check.cpp:visit@100] [$54017] Local store may lose precision (target = f32, value = f64) at
[W 09/14/26 13:29:57.984] [type_check.cpp:visit@101] 

[W 09/14/26 13:29:57.984] [type_check.cpp:visit@100] [$54019] Local store may lose precision (target = f32, value = f64) at
[W 09/14/26 13:29:57.984] [type_check.cpp:visit@101] 

[W 09/14/26 13:29:57.984] [type_check.cpp:visit@100] [$54021] Local store may lose precision (target = f32, value = f64) at
[W 09/14/26 13:29:57.984] [type_check.cpp:visit@101] 

[W 09/14/26 13:29:57.984] [type_check.cpp:visit@100] [$54023] Local store may lose precision (target = f32, value = f64) at
[W 09/14/26 13:29:57.984] [type_check.cpp:visit@101] 

[W 09/14/26 13:29:57.984] [type_check.cpp:visit@100] [$54025] Local store may lose precision (target = f32, value = f64) at
[W 09/14/26 13:29:57.984] [type_check.cpp:visit@101] 

[W 09/14/26 13:29:57.984] [type_check.cpp:visit@100] [$54027] Local store may lose precision (target = f32, value = f64) at
[W 09/14/26 13:29:57.984] [type_check.cpp:visit@101] 

[W 09/14/26 13:29:57.984] [type_check.cpp:visit@100] [$54029] Local store may lose precision (target = f32, value = f64) at
[W 09/14/26 13:29:57.984] [type_check.cpp:visit@101] 

[W 09/14/26 13:29:57.984] [type_check.cpp:visit@100] [$54031] Local store may lose precision (target = f32, value = f64) at
[W 09/14/26 13:29:57.984] [type_check.cpp:visit@101] 

[W 09/14/26 13:29:57.984] [type_check.cpp:visit@100] [$54033] Local store may lose precision (target = f32, value = f64) at
[W 09/14/26 13:29:57.984] [type_check.cpp:visit@101] 

[W 09/14/26 13:30:01.094] [type_check.cpp:visit@100] [$79155] Local store may lose precision (target = f32, value = f64) at
[W 09/14/26 13:30:01.094] [type_check.cpp:visit@101] 
  File "/home/seohy/colcon_ws/src/RoboCraft/simulator/plb/engine/mpm_simulator.py", line 198, in grid_op
    v_out = self.primitives[i].collide(f, I * self.dx, v_out, self.dt)
  File "/home/seohy/miniconda3/envs/robocraft/lib/python3.8/site-packages/taichi/lang/kernel_impl.py", line 50, in decorated
    return fun.__call__(*args)
  File "/home/seohy/miniconda3/envs/robocraft/lib/python3.8/site-packages/taichi/lang/kernel_impl.py", line 122, in __call__
    ret = self.compiled(*args)
  File "/home/seohy/colcon_ws/src/RoboCraft/simulator/plb/engine/primitive/primive_base.py", line 93, in collide
    dist = self.sdf(f, grid_pos)
  File "/home/seohy/miniconda3/envs/robocraft/lib/python3.8/site-packages/taichi/lang/kernel_impl.py", line 50, in decorated
    return fun.__call__(*args)
  File "/home/seohy/miniconda3/envs/robocraft/lib/python3.8/site-packages/taichi/lang/kernel_impl.py", line 122, in __call__
    ret = self.compiled(*args)
  File "/home/seohy/colcon_ws/src/RoboCraft/simulator/plb/engine/primitive/primive_base.py", line 59, in sdf
    grid_pos = inv_trans(grid_pos, self.position[f], self.rotation[f])
  File "/home/seohy/miniconda3/envs/robocraft/lib/python3.8/site-packages/taichi/lang/util.py", line 163, in wrapped
    return func(*args, **kwargs)
  File "/home/seohy/miniconda3/envs/robocraft/lib/python3.8/site-packages/taichi/lang/impl.py", line 201, in maybe_transform_ti_func_call_to_stmt
    return func(*args, **kwargs)
  File "/home/seohy/miniconda3/envs/robocraft/lib/python3.8/site-packages/taichi/lang/common_ops.py", line 227, in assign
    return ti.assign(self, other)
  File "/home/seohy/miniconda3/envs/robocraft/lib/python3.8/site-packages/taichi/lang/ops.py", line 131, in wrapped
    return a.element_wise_writeback_binary(imp_foo, b)
  File "/home/seohy/miniconda3/envs/robocraft/lib/python3.8/site-packages/taichi/lang/matrix.py", line 179, in element_wise_writeback_binary
    ret.entries[i] = foo(self.entries[i], other.entries[i])

[W 09/14/26 13:30:01.094] [type_check.cpp:visit@100] [$79157] Local store may lose precision (target = f32, value = f64) at
[W 09/14/26 13:30:01.094] [type_check.cpp:visit@101] 
  File "/home/seohy/colcon_ws/src/RoboCraft/simulator/plb/engine/mpm_simulator.py", line 198, in grid_op
    v_out = self.primitives[i].collide(f, I * self.dx, v_out, self.dt)
  File "/home/seohy/miniconda3/envs/robocraft/lib/python3.8/site-packages/taichi/lang/kernel_impl.py", line 50, in decorated
    return fun.__call__(*args)
  File "/home/seohy/miniconda3/envs/robocraft/lib/python3.8/site-packages/taichi/lang/kernel_impl.py", line 122, in __call__
    ret = self.compiled(*args)
  File "/home/seohy/colcon_ws/src/RoboCraft/simulator/plb/engine/primitive/primive_base.py", line 93, in collide
    dist = self.sdf(f, grid_pos)
  File "/home/seohy/miniconda3/envs/robocraft/lib/python3.8/site-packages/taichi/lang/kernel_impl.py", line 50, in decorated
    return fun.__call__(*args)
  File "/home/seohy/miniconda3/envs/robocraft/lib/python3.8/site-packages/taichi/lang/kernel_impl.py", line 122, in __call__
    ret = self.compiled(*args)
  File "/home/seohy/colcon_ws/src/RoboCraft/simulator/plb/engine/primitive/primive_base.py", line 59, in sdf
    grid_pos = inv_trans(grid_pos, self.position[f], self.rotation[f])
  File "/home/seohy/miniconda3/envs/robocraft/lib/python3.8/site-packages/taichi/lang/util.py", line 163, in wrapped
    return func(*args, **kwargs)
  File "/home/seohy/miniconda3/envs/robocraft/lib/python3.8/site-packages/taichi/lang/impl.py", line 201, in maybe_transform_ti_func_call_to_stmt
    return func(*args, **kwargs)
  File "/home/seohy/miniconda3/envs/robocraft/lib/python3.8/site-packages/taichi/lang/common_ops.py", line 227, in assign
    return ti.assign(self, other)
  File "/home/seohy/miniconda3/envs/robocraft/lib/python3.8/site-packages/taichi/lang/ops.py", line 131, in wrapped
    return a.element_wise_writeback_binary(imp_foo, b)
  File "/home/seohy/miniconda3/envs/robocraft/lib/python3.8/site-packages/taichi/lang/matrix.py", line 179, in element_wise_writeback_binary
    ret.entries[i] = foo(self.entries[i], other.entries[i])

[W 09/14/26 13:30:01.094] [type_check.cpp:visit@100] [$79159] Local store may lose precision (target = f32, value = f64) at
[W 09/14/26 13:30:01.094] [type_check.cpp:visit@101] 
  File "/home/seohy/colcon_ws/src/RoboCraft/simulator/plb/engine/mpm_simulator.py", line 198, in grid_op
    v_out = self.primitives[i].collide(f, I * self.dx, v_out, self.dt)
  File "/home/seohy/miniconda3/envs/robocraft/lib/python3.8/site-packages/taichi/lang/kernel_impl.py", line 50, in decorated
    return fun.__call__(*args)
  File "/home/seohy/miniconda3/envs/robocraft/lib/python3.8/site-packages/taichi/lang/kernel_impl.py", line 122, in __call__
    ret = self.compiled(*args)
  File "/home/seohy/colcon_ws/src/RoboCraft/simulator/plb/engine/primitive/primive_base.py", line 93, in collide
    dist = self.sdf(f, grid_pos)
  File "/home/seohy/miniconda3/envs/robocraft/lib/python3.8/site-packages/taichi/lang/kernel_impl.py", line 50, in decorated
    return fun.__call__(*args)
  File "/home/seohy/miniconda3/envs/robocraft/lib/python3.8/site-packages/taichi/lang/kernel_impl.py", line 122, in __call__
    ret = self.compiled(*args)
  File "/home/seohy/colcon_ws/src/RoboCraft/simulator/plb/engine/primitive/primive_base.py", line 59, in sdf
    grid_pos = inv_trans(grid_pos, self.position[f], self.rotation[f])
  File "/home/seohy/miniconda3/envs/robocraft/lib/python3.8/site-packages/taichi/lang/util.py", line 163, in wrapped
    return func(*args, **kwargs)
  File "/home/seohy/miniconda3/envs/robocraft/lib/python3.8/site-packages/taichi/lang/impl.py", line 201, in maybe_transform_ti_func_call_to_stmt
    return func(*args, **kwargs)
  File "/home/seohy/miniconda3/envs/robocraft/lib/python3.8/site-packages/taichi/lang/common_ops.py", line 227, in assign
    return ti.assign(self, other)
  File "/home/seohy/miniconda3/envs/robocraft/lib/python3.8/site-packages/taichi/lang/ops.py", line 131, in wrapped
    return a.element_wise_writeback_binary(imp_foo, b)
  File "/home/seohy/miniconda3/envs/robocraft/lib/python3.8/site-packages/taichi/lang/matrix.py", line 179, in element_wise_writeback_binary
    ret.entries[i] = foo(self.entries[i], other.entries[i])

[W 09/14/26 13:30:01.094] [type_check.cpp:visit@70] [$79186] Atomic add (f64 to f32) may lose precision, at
[W 09/14/26 13:30:01.094] [type_check.cpp:visit@71] 

[W 09/14/26 13:30:01.094] [type_check.cpp:visit@70] [$79196] Atomic add (f64 to f32) may lose precision, at
[W 09/14/26 13:30:01.094] [type_check.cpp:visit@71] 

[W 09/14/26 13:30:01.094] [type_check.cpp:visit@100] [$79567] Local store may lose precision (target = f32, value = f64) at
[W 09/14/26 13:30:01.094] [type_check.cpp:visit@101] 
  File "/home/seohy/colcon_ws/src/RoboCraft/simulator/plb/engine/mpm_simulator.py", line 198, in grid_op
    v_out = self.primitives[i].collide(f, I * self.dx, v_out, self.dt)
  File "/home/seohy/miniconda3/envs/robocraft/lib/python3.8/site-packages/taichi/lang/kernel_impl.py", line 50, in decorated
    return fun.__call__(*args)
  File "/home/seohy/miniconda3/envs/robocraft/lib/python3.8/site-packages/taichi/lang/kernel_impl.py", line 122, in __call__
    ret = self.compiled(*args)
  File "/home/seohy/colcon_ws/src/RoboCraft/simulator/plb/engine/primitive/primive_base.py", line 96, in collide
    D = self.normal(f, grid_pos)
  File "/home/seohy/miniconda3/envs/robocraft/lib/python3.8/site-packages/taichi/lang/kernel_impl.py", line 50, in decorated
    return fun.__call__(*args)
  File "/home/seohy/miniconda3/envs/robocraft/lib/python3.8/site-packages/taichi/lang/kernel_impl.py", line 122, in __call__
    ret = self.compiled(*args)
  File "/home/seohy/colcon_ws/src/RoboCraft/simulator/plb/engine/primitive/primive_base.py", line 79, in normal
    grid_pos = inv_trans(grid_pos, self.position[f], self.rotation[f])
  File "/home/seohy/miniconda3/envs/robocraft/lib/python3.8/site-packages/taichi/lang/util.py", line 163, in wrapped
    return func(*args, **kwargs)
  File "/home/seohy/miniconda3/envs/robocraft/lib/python3.8/site-packages/taichi/lang/impl.py", line 201, in maybe_transform_ti_func_call_to_stmt
    return func(*args, **kwargs)
  File "/home/seohy/miniconda3/envs/robocraft/lib/python3.8/site-packages/taichi/lang/common_ops.py", line 227, in assign
    return ti.assign(self, other)
  File "/home/seohy/miniconda3/envs/robocraft/lib/python3.8/site-packages/taichi/lang/ops.py", line 131, in wrapped
    return a.element_wise_writeback_binary(imp_foo, b)
  File "/home/seohy/miniconda3/envs/robocraft/lib/python3.8/site-packages/taichi/lang/matrix.py", line 179, in element_wise_writeback_binary
    ret.entries[i] = foo(self.entries[i], other.entries[i])

[W 09/14/26 13:30:01.094] [type_check.cpp:visit@100] [$79569] Local store may lose precision (target = f32, value = f64) at
[W 09/14/26 13:30:01.094] [type_check.cpp:visit@101] 
  File "/home/seohy/colcon_ws/src/RoboCraft/simulator/plb/engine/mpm_simulator.py", line 198, in grid_op
    v_out = self.primitives[i].collide(f, I * self.dx, v_out, self.dt)
  File "/home/seohy/miniconda3/envs/robocraft/lib/python3.8/site-packages/taichi/lang/kernel_impl.py", line 50, in decorated
    return fun.__call__(*args)
  File "/home/seohy/miniconda3/envs/robocraft/lib/python3.8/site-packages/taichi/lang/kernel_impl.py", line 122, in __call__
    ret = self.compiled(*args)
  File "/home/seohy/colcon_ws/src/RoboCraft/simulator/plb/engine/primitive/primive_base.py", line 96, in collide
    D = self.normal(f, grid_pos)
  File "/home/seohy/miniconda3/envs/robocraft/lib/python3.8/site-packages/taichi/lang/kernel_impl.py", line 50, in decorated
    return fun.__call__(*args)
  File "/home/seohy/miniconda3/envs/robocraft/lib/python3.8/site-packages/taichi/lang/kernel_impl.py", line 122, in __call__
    ret = self.compiled(*args)
  File "/home/seohy/colcon_ws/src/RoboCraft/simulator/plb/engine/primitive/primive_base.py", line 79, in normal
    grid_pos = inv_trans(grid_pos, self.position[f], self.rotation[f])
  File "/home/seohy/miniconda3/envs/robocraft/lib/python3.8/site-packages/taichi/lang/util.py", line 163, in wrapped
    return func(*args, **kwargs)
  File "/home/seohy/miniconda3/envs/robocraft/lib/python3.8/site-packages/taichi/lang/impl.py", line 201, in maybe_transform_ti_func_call_to_stmt
    return func(*args, **kwargs)
  File "/home/seohy/miniconda3/envs/robocraft/lib/python3.8/site-packages/taichi/lang/common_ops.py", line 227, in assign
    return ti.assign(self, other)
  File "/home/seohy/miniconda3/envs/robocraft/lib/python3.8/site-packages/taichi/lang/ops.py", line 131, in wrapped
    return a.element_wise_writeback_binary(imp_foo, b)
  File "/home/seohy/miniconda3/envs/robocraft/lib/python3.8/site-packages/taichi/lang/matrix.py", line 179, in element_wise_writeback_binary
    ret.entries[i] = foo(self.entries[i], other.entries[i])

[W 09/14/26 13:30:01.094] [type_check.cpp:visit@100] [$79571] Local store may lose precision (target = f32, value = f64) at
[W 09/14/26 13:30:01.094] [type_check.cpp:visit@101] 
  File "/home/seohy/colcon_ws/src/RoboCraft/simulator/plb/engine/mpm_simulator.py", line 198, in grid_op
    v_out = self.primitives[i].collide(f, I * self.dx, v_out, self.dt)
  File "/home/seohy/miniconda3/envs/robocraft/lib/python3.8/site-packages/taichi/lang/kernel_impl.py", line 50, in decorated
    return fun.__call__(*args)
  File "/home/seohy/miniconda3/envs/robocraft/lib/python3.8/site-packages/taichi/lang/kernel_impl.py", line 122, in __call__
    ret = self.compiled(*args)
  File "/home/seohy/colcon_ws/src/RoboCraft/simulator/plb/engine/primitive/primive_base.py", line 96, in collide
    D = self.normal(f, grid_pos)
  File "/home/seohy/miniconda3/envs/robocraft/lib/python3.8/site-packages/taichi/lang/kernel_impl.py", line 50, in decorated
    return fun.__call__(*args)
  File "/home/seohy/miniconda3/envs/robocraft/lib/python3.8/site-packages/taichi/lang/kernel_impl.py", line 122, in __call__
    ret = self.compiled(*args)
  File "/home/seohy/colcon_ws/src/RoboCraft/simulator/plb/engine/primitive/primive_base.py", line 79, in normal
    grid_pos = inv_trans(grid_pos, self.position[f], self.rotation[f])
  File "/home/seohy/miniconda3/envs/robocraft/lib/python3.8/site-packages/taichi/lang/util.py", line 163, in wrapped
    return func(*args, **kwargs)
  File "/home/seohy/miniconda3/envs/robocraft/lib/python3.8/site-packages/taichi/lang/impl.py", line 201, in maybe_transform_ti_func_call_to_stmt
    return func(*args, **kwargs)
  File "/home/seohy/miniconda3/envs/robocraft/lib/python3.8/site-packages/taichi/lang/common_ops.py", line 227, in assign
    return ti.assign(self, other)
  File "/home/seohy/miniconda3/envs/robocraft/lib/python3.8/site-packages/taichi/lang/ops.py", line 131, in wrapped
    return a.element_wise_writeback_binary(imp_foo, b)
  File "/home/seohy/miniconda3/envs/robocraft/lib/python3.8/site-packages/taichi/lang/matrix.py", line 179, in element_wise_writeback_binary
    ret.entries[i] = foo(self.entries[i], other.entries[i])

[W 09/14/26 13:30:01.094] [type_check.cpp:visit@70] [$79598] Atomic add (f64 to f32) may lose precision, at
[W 09/14/26 13:30:01.094] [type_check.cpp:visit@71] 

[W 09/14/26 13:30:01.094] [type_check.cpp:visit@70] [$79608] Atomic add (f64 to f32) may lose precision, at
[W 09/14/26 13:30:01.094] [type_check.cpp:visit@71] 

[W 09/14/26 13:30:01.094] [type_check.cpp:visit@100] [$80910] Local store may lose precision (target = f32, value = f64) at
[W 09/14/26 13:30:01.094] [type_check.cpp:visit@101] 
  File "/home/seohy/colcon_ws/src/RoboCraft/simulator/plb/engine/mpm_simulator.py", line 198, in grid_op
    v_out = self.primitives[i].collide(f, I * self.dx, v_out, self.dt)
  File "/home/seohy/miniconda3/envs/robocraft/lib/python3.8/site-packages/taichi/lang/kernel_impl.py", line 50, in decorated
    return fun.__call__(*args)
  File "/home/seohy/miniconda3/envs/robocraft/lib/python3.8/site-packages/taichi/lang/kernel_impl.py", line 122, in __call__
    ret = self.compiled(*args)
  File "/home/seohy/colcon_ws/src/RoboCraft/simulator/plb/engine/primitive/primive_base.py", line 93, in collide
    dist = self.sdf(f, grid_pos)
  File "/home/seohy/miniconda3/envs/robocraft/lib/python3.8/site-packages/taichi/lang/kernel_impl.py", line 50, in decorated
    return fun.__call__(*args)
  File "/home/seohy/miniconda3/envs/robocraft/lib/python3.8/site-packages/taichi/lang/kernel_impl.py", line 122, in __call__
    ret = self.compiled(*args)
  File "/home/seohy/colcon_ws/src/RoboCraft/simulator/plb/engine/primitive/primive_base.py", line 59, in sdf
    grid_pos = inv_trans(grid_pos, self.position[f], self.rotation[f])
  File "/home/seohy/miniconda3/envs/robocraft/lib/python3.8/site-packages/taichi/lang/util.py", line 163, in wrapped
    return func(*args, **kwargs)
  File "/home/seohy/miniconda3/envs/robocraft/lib/python3.8/site-packages/taichi/lang/impl.py", line 201, in maybe_transform_ti_func_call_to_stmt
    return func(*args, **kwargs)
  File "/home/seohy/miniconda3/envs/robocraft/lib/python3.8/site-packages/taichi/lang/common_ops.py", line 227, in assign
    return ti.assign(self, other)
  File "/home/seohy/miniconda3/envs/robocraft/lib/python3.8/site-packages/taichi/lang/ops.py", line 131, in wrapped
    return a.element_wise_writeback_binary(imp_foo, b)
  File "/home/seohy/miniconda3/envs/robocraft/lib/python3.8/site-packages/taichi/lang/matrix.py", line 179, in element_wise_writeback_binary
    ret.entries[i] = foo(self.entries[i], other.entries[i])

[W 09/14/26 13:30:01.094] [type_check.cpp:visit@100] [$80912] Local store may lose precision (target = f32, value = f64) at
[W 09/14/26 13:30:01.094] [type_check.cpp:visit@101] 
  File "/home/seohy/colcon_ws/src/RoboCraft/simulator/plb/engine/mpm_simulator.py", line 198, in grid_op
    v_out = self.primitives[i].collide(f, I * self.dx, v_out, self.dt)
  File "/home/seohy/miniconda3/envs/robocraft/lib/python3.8/site-packages/taichi/lang/kernel_impl.py", line 50, in decorated
    return fun.__call__(*args)
  File "/home/seohy/miniconda3/envs/robocraft/lib/python3.8/site-packages/taichi/lang/kernel_impl.py", line 122, in __call__
    ret = self.compiled(*args)
  File "/home/seohy/colcon_ws/src/RoboCraft/simulator/plb/engine/primitive/primive_base.py", line 93, in collide
    dist = self.sdf(f, grid_pos)
  File "/home/seohy/miniconda3/envs/robocraft/lib/python3.8/site-packages/taichi/lang/kernel_impl.py", line 50, in decorated
    return fun.__call__(*args)
  File "/home/seohy/miniconda3/envs/robocraft/lib/python3.8/site-packages/taichi/lang/kernel_impl.py", line 122, in __call__
    ret = self.compiled(*args)
  File "/home/seohy/colcon_ws/src/RoboCraft/simulator/plb/engine/primitive/primive_base.py", line 59, in sdf
    grid_pos = inv_trans(grid_pos, self.position[f], self.rotation[f])
  File "/home/seohy/miniconda3/envs/robocraft/lib/python3.8/site-packages/taichi/lang/util.py", line 163, in wrapped
    return func(*args, **kwargs)
  File "/home/seohy/miniconda3/envs/robocraft/lib/python3.8/site-packages/taichi/lang/impl.py", line 201, in maybe_transform_ti_func_call_to_stmt
    return func(*args, **kwargs)
  File "/home/seohy/miniconda3/envs/robocraft/lib/python3.8/site-packages/taichi/lang/common_ops.py", line 227, in assign
    return ti.assign(self, other)
  File "/home/seohy/miniconda3/envs/robocraft/lib/python3.8/site-packages/taichi/lang/ops.py", line 131, in wrapped
    return a.element_wise_writeback_binary(imp_foo, b)
  File "/home/seohy/miniconda3/envs/robocraft/lib/python3.8/site-packages/taichi/lang/matrix.py", line 179, in element_wise_writeback_binary
    ret.entries[i] = foo(self.entries[i], other.entries[i])

[W 09/14/26 13:30:01.094] [type_check.cpp:visit@100] [$80914] Local store may lose precision (target = f32, value = f64) at
[W 09/14/26 13:30:01.094] [type_check.cpp:visit@101] 
  File "/home/seohy/colcon_ws/src/RoboCraft/simulator/plb/engine/mpm_simulator.py", line 198, in grid_op
    v_out = self.primitives[i].collide(f, I * self.dx, v_out, self.dt)
  File "/home/seohy/miniconda3/envs/robocraft/lib/python3.8/site-packages/taichi/lang/kernel_impl.py", line 50, in decorated
    return fun.__call__(*args)
  File "/home/seohy/miniconda3/envs/robocraft/lib/python3.8/site-packages/taichi/lang/kernel_impl.py", line 122, in __call__
    ret = self.compiled(*args)
  File "/home/seohy/colcon_ws/src/RoboCraft/simulator/plb/engine/primitive/primive_base.py", line 93, in collide
    dist = self.sdf(f, grid_pos)
  File "/home/seohy/miniconda3/envs/robocraft/lib/python3.8/site-packages/taichi/lang/kernel_impl.py", line 50, in decorated
    return fun.__call__(*args)
  File "/home/seohy/miniconda3/envs/robocraft/lib/python3.8/site-packages/taichi/lang/kernel_impl.py", line 122, in __call__
    ret = self.compiled(*args)
  File "/home/seohy/colcon_ws/src/RoboCraft/simulator/plb/engine/primitive/primive_base.py", line 59, in sdf
    grid_pos = inv_trans(grid_pos, self.position[f], self.rotation[f])
  File "/home/seohy/miniconda3/envs/robocraft/lib/python3.8/site-packages/taichi/lang/util.py", line 163, in wrapped
    return func(*args, **kwargs)
  File "/home/seohy/miniconda3/envs/robocraft/lib/python3.8/site-packages/taichi/lang/impl.py", line 201, in maybe_transform_ti_func_call_to_stmt
    return func(*args, **kwargs)
  File "/home/seohy/miniconda3/envs/robocraft/lib/python3.8/site-packages/taichi/lang/common_ops.py", line 227, in assign
    return ti.assign(self, other)
  File "/home/seohy/miniconda3/envs/robocraft/lib/python3.8/site-packages/taichi/lang/ops.py", line 131, in wrapped
    return a.element_wise_writeback_binary(imp_foo, b)
  File "/home/seohy/miniconda3/envs/robocraft/lib/python3.8/site-packages/taichi/lang/matrix.py", line 179, in element_wise_writeback_binary
    ret.entries[i] = foo(self.entries[i], other.entries[i])

[W 09/14/26 13:30:01.094] [type_check.cpp:visit@70] [$80941] Atomic add (f64 to f32) may lose precision, at
[W 09/14/26 13:30:01.094] [type_check.cpp:visit@71] 

[W 09/14/26 13:30:01.094] [type_check.cpp:visit@70] [$80951] Atomic add (f64 to f32) may lose precision, at
[W 09/14/26 13:30:01.094] [type_check.cpp:visit@71] 

[W 09/14/26 13:30:01.094] [type_check.cpp:visit@100] [$81322] Local store may lose precision (target = f32, value = f64) at
[W 09/14/26 13:30:01.094] [type_check.cpp:visit@101] 
  File "/home/seohy/colcon_ws/src/RoboCraft/simulator/plb/engine/mpm_simulator.py", line 198, in grid_op
    v_out = self.primitives[i].collide(f, I * self.dx, v_out, self.dt)
  File "/home/seohy/miniconda3/envs/robocraft/lib/python3.8/site-packages/taichi/lang/kernel_impl.py", line 50, in decorated
    return fun.__call__(*args)
  File "/home/seohy/miniconda3/envs/robocraft/lib/python3.8/site-packages/taichi/lang/kernel_impl.py", line 122, in __call__
    ret = self.compiled(*args)
  File "/home/seohy/colcon_ws/src/RoboCraft/simulator/plb/engine/primitive/primive_base.py", line 96, in collide
    D = self.normal(f, grid_pos)
  File "/home/seohy/miniconda3/envs/robocraft/lib/python3.8/site-packages/taichi/lang/kernel_impl.py", line 50, in decorated
    return fun.__call__(*args)
  File "/home/seohy/miniconda3/envs/robocraft/lib/python3.8/site-packages/taichi/lang/kernel_impl.py", line 122, in __call__
    ret = self.compiled(*args)
  File "/home/seohy/colcon_ws/src/RoboCraft/simulator/plb/engine/primitive/primive_base.py", line 79, in normal
    grid_pos = inv_trans(grid_pos, self.position[f], self.rotation[f])
  File "/home/seohy/miniconda3/envs/robocraft/lib/python3.8/site-packages/taichi/lang/util.py", line 163, in wrapped
    return func(*args, **kwargs)
  File "/home/seohy/miniconda3/envs/robocraft/lib/python3.8/site-packages/taichi/lang/impl.py", line 201, in maybe_transform_ti_func_call_to_stmt
    return func(*args, **kwargs)
  File "/home/seohy/miniconda3/envs/robocraft/lib/python3.8/site-packages/taichi/lang/common_ops.py", line 227, in assign
    return ti.assign(self, other)
  File "/home/seohy/miniconda3/envs/robocraft/lib/python3.8/site-packages/taichi/lang/ops.py", line 131, in wrapped
    return a.element_wise_writeback_binary(imp_foo, b)
  File "/home/seohy/miniconda3/envs/robocraft/lib/python3.8/site-packages/taichi/lang/matrix.py", line 179, in element_wise_writeback_binary
    ret.entries[i] = foo(self.entries[i], other.entries[i])

[W 09/14/26 13:30:01.094] [type_check.cpp:visit@100] [$81324] Local store may lose precision (target = f32, value = f64) at
[W 09/14/26 13:30:01.094] [type_check.cpp:visit@101] 
  File "/home/seohy/colcon_ws/src/RoboCraft/simulator/plb/engine/mpm_simulator.py", line 198, in grid_op
    v_out = self.primitives[i].collide(f, I * self.dx, v_out, self.dt)
  File "/home/seohy/miniconda3/envs/robocraft/lib/python3.8/site-packages/taichi/lang/kernel_impl.py", line 50, in decorated
    return fun.__call__(*args)
  File "/home/seohy/miniconda3/envs/robocraft/lib/python3.8/site-packages/taichi/lang/kernel_impl.py", line 122, in __call__
    ret = self.compiled(*args)
  File "/home/seohy/colcon_ws/src/RoboCraft/simulator/plb/engine/primitive/primive_base.py", line 96, in collide
    D = self.normal(f, grid_pos)
  File "/home/seohy/miniconda3/envs/robocraft/lib/python3.8/site-packages/taichi/lang/kernel_impl.py", line 50, in decorated
    return fun.__call__(*args)
  File "/home/seohy/miniconda3/envs/robocraft/lib/python3.8/site-packages/taichi/lang/kernel_impl.py", line 122, in __call__
    ret = self.compiled(*args)
  File "/home/seohy/colcon_ws/src/RoboCraft/simulator/plb/engine/primitive/primive_base.py", line 79, in normal
    grid_pos = inv_trans(grid_pos, self.position[f], self.rotation[f])
  File "/home/seohy/miniconda3/envs/robocraft/lib/python3.8/site-packages/taichi/lang/util.py", line 163, in wrapped
    return func(*args, **kwargs)
  File "/home/seohy/miniconda3/envs/robocraft/lib/python3.8/site-packages/taichi/lang/impl.py", line 201, in maybe_transform_ti_func_call_to_stmt
    return func(*args, **kwargs)
  File "/home/seohy/miniconda3/envs/robocraft/lib/python3.8/site-packages/taichi/lang/common_ops.py", line 227, in assign
    return ti.assign(self, other)
  File "/home/seohy/miniconda3/envs/robocraft/lib/python3.8/site-packages/taichi/lang/ops.py", line 131, in wrapped
    return a.element_wise_writeback_binary(imp_foo, b)
  File "/home/seohy/miniconda3/envs/robocraft/lib/python3.8/site-packages/taichi/lang/matrix.py", line 179, in element_wise_writeback_binary
    ret.entries[i] = foo(self.entries[i], other.entries[i])

[W 09/14/26 13:30:01.094] [type_check.cpp:visit@100] [$81326] Local store may lose precision (target = f32, value = f64) at
[W 09/14/26 13:30:01.094] [type_check.cpp:visit@101] 
  File "/home/seohy/colcon_ws/src/RoboCraft/simulator/plb/engine/mpm_simulator.py", line 198, in grid_op
    v_out = self.primitives[i].collide(f, I * self.dx, v_out, self.dt)
  File "/home/seohy/miniconda3/envs/robocraft/lib/python3.8/site-packages/taichi/lang/kernel_impl.py", line 50, in decorated
    return fun.__call__(*args)
  File "/home/seohy/miniconda3/envs/robocraft/lib/python3.8/site-packages/taichi/lang/kernel_impl.py", line 122, in __call__
    ret = self.compiled(*args)
  File "/home/seohy/colcon_ws/src/RoboCraft/simulator/plb/engine/primitive/primive_base.py", line 96, in collide
    D = self.normal(f, grid_pos)
  File "/home/seohy/miniconda3/envs/robocraft/lib/python3.8/site-packages/taichi/lang/kernel_impl.py", line 50, in decorated
    return fun.__call__(*args)
  File "/home/seohy/miniconda3/envs/robocraft/lib/python3.8/site-packages/taichi/lang/kernel_impl.py", line 122, in __call__
    ret = self.compiled(*args)
  File "/home/seohy/colcon_ws/src/RoboCraft/simulator/plb/engine/primitive/primive_base.py", line 79, in normal
    grid_pos = inv_trans(grid_pos, self.position[f], self.rotation[f])
  File "/home/seohy/miniconda3/envs/robocraft/lib/python3.8/site-packages/taichi/lang/util.py", line 163, in wrapped
    return func(*args, **kwargs)
  File "/home/seohy/miniconda3/envs/robocraft/lib/python3.8/site-packages/taichi/lang/impl.py", line 201, in maybe_transform_ti_func_call_to_stmt
    return func(*args, **kwargs)
  File "/home/seohy/miniconda3/envs/robocraft/lib/python3.8/site-packages/taichi/lang/common_ops.py", line 227, in assign
    return ti.assign(self, other)
  File "/home/seohy/miniconda3/envs/robocraft/lib/python3.8/site-packages/taichi/lang/ops.py", line 131, in wrapped
    return a.element_wise_writeback_binary(imp_foo, b)
  File "/home/seohy/miniconda3/envs/robocraft/lib/python3.8/site-packages/taichi/lang/matrix.py", line 179, in element_wise_writeback_binary
    ret.entries[i] = foo(self.entries[i], other.entries[i])

[W 09/14/26 13:30:01.094] [type_check.cpp:visit@70] [$81353] Atomic add (f64 to f32) may lose precision, at
[W 09/14/26 13:30:01.094] [type_check.cpp:visit@71] 

[W 09/14/26 13:30:01.094] [type_check.cpp:visit@70] [$81363] Atomic add (f64 to f32) may lose precision, at
[W 09/14/26 13:30:01.094] [type_check.cpp:visit@71] 

[W 09/14/26 13:30:01.094] [type_check.cpp:visit@100] [$82665] Local store may lose precision (target = f32, value = f64) at
[W 09/14/26 13:30:01.094] [type_check.cpp:visit@101] 
  File "/home/seohy/colcon_ws/src/RoboCraft/simulator/plb/engine/mpm_simulator.py", line 198, in grid_op
    v_out = self.primitives[i].collide(f, I * self.dx, v_out, self.dt)
  File "/home/seohy/miniconda3/envs/robocraft/lib/python3.8/site-packages/taichi/lang/kernel_impl.py", line 50, in decorated
    return fun.__call__(*args)
  File "/home/seohy/miniconda3/envs/robocraft/lib/python3.8/site-packages/taichi/lang/kernel_impl.py", line 122, in __call__
    ret = self.compiled(*args)
  File "/home/seohy/colcon_ws/src/RoboCraft/simulator/plb/engine/primitive/primive_base.py", line 93, in collide
    dist = self.sdf(f, grid_pos)
  File "/home/seohy/miniconda3/envs/robocraft/lib/python3.8/site-packages/taichi/lang/kernel_impl.py", line 50, in decorated
    return fun.__call__(*args)
  File "/home/seohy/miniconda3/envs/robocraft/lib/python3.8/site-packages/taichi/lang/kernel_impl.py", line 122, in __call__
    ret = self.compiled(*args)
  File "/home/seohy/colcon_ws/src/RoboCraft/simulator/plb/engine/primitive/primive_base.py", line 59, in sdf
    grid_pos = inv_trans(grid_pos, self.position[f], self.rotation[f])
  File "/home/seohy/miniconda3/envs/robocraft/lib/python3.8/site-packages/taichi/lang/util.py", line 163, in wrapped
    return func(*args, **kwargs)
  File "/home/seohy/miniconda3/envs/robocraft/lib/python3.8/site-packages/taichi/lang/impl.py", line 201, in maybe_transform_ti_func_call_to_stmt
    return func(*args, **kwargs)
  File "/home/seohy/miniconda3/envs/robocraft/lib/python3.8/site-packages/taichi/lang/common_ops.py", line 227, in assign
    return ti.assign(self, other)
  File "/home/seohy/miniconda3/envs/robocraft/lib/python3.8/site-packages/taichi/lang/ops.py", line 131, in wrapped
    return a.element_wise_writeback_binary(imp_foo, b)
  File "/home/seohy/miniconda3/envs/robocraft/lib/python3.8/site-packages/taichi/lang/matrix.py", line 179, in element_wise_writeback_binary
    ret.entries[i] = foo(self.entries[i], other.entries[i])

[W 09/14/26 13:30:01.094] [type_check.cpp:visit@100] [$82667] Local store may lose precision (target = f32, value = f64) at
[W 09/14/26 13:30:01.094] [type_check.cpp:visit@101] 
  File "/home/seohy/colcon_ws/src/RoboCraft/simulator/plb/engine/mpm_simulator.py", line 198, in grid_op
    v_out = self.primitives[i].collide(f, I * self.dx, v_out, self.dt)
  File "/home/seohy/miniconda3/envs/robocraft/lib/python3.8/site-packages/taichi/lang/kernel_impl.py", line 50, in decorated
    return fun.__call__(*args)
  File "/home/seohy/miniconda3/envs/robocraft/lib/python3.8/site-packages/taichi/lang/kernel_impl.py", line 122, in __call__
    ret = self.compiled(*args)
  File "/home/seohy/colcon_ws/src/RoboCraft/simulator/plb/engine/primitive/primive_base.py", line 93, in collide
    dist = self.sdf(f, grid_pos)
  File "/home/seohy/miniconda3/envs/robocraft/lib/python3.8/site-packages/taichi/lang/kernel_impl.py", line 50, in decorated
    return fun.__call__(*args)
  File "/home/seohy/miniconda3/envs/robocraft/lib/python3.8/site-packages/taichi/lang/kernel_impl.py", line 122, in __call__
    ret = self.compiled(*args)
  File "/home/seohy/colcon_ws/src/RoboCraft/simulator/plb/engine/primitive/primive_base.py", line 59, in sdf
    grid_pos = inv_trans(grid_pos, self.position[f], self.rotation[f])
  File "/home/seohy/miniconda3/envs/robocraft/lib/python3.8/site-packages/taichi/lang/util.py", line 163, in wrapped
    return func(*args, **kwargs)
  File "/home/seohy/miniconda3/envs/robocraft/lib/python3.8/site-packages/taichi/lang/impl.py", line 201, in maybe_transform_ti_func_call_to_stmt
    return func(*args, **kwargs)
  File "/home/seohy/miniconda3/envs/robocraft/lib/python3.8/site-packages/taichi/lang/common_ops.py", line 227, in assign
    return ti.assign(self, other)
  File "/home/seohy/miniconda3/envs/robocraft/lib/python3.8/site-packages/taichi/lang/ops.py", line 131, in wrapped
    return a.element_wise_writeback_binary(imp_foo, b)
  File "/home/seohy/miniconda3/envs/robocraft/lib/python3.8/site-packages/taichi/lang/matrix.py", line 179, in element_wise_writeback_binary
    ret.entries[i] = foo(self.entries[i], other.entries[i])

[W 09/14/26 13:30:01.094] [type_check.cpp:visit@100] [$82669] Local store may lose precision (target = f32, value = f64) at
[W 09/14/26 13:30:01.094] [type_check.cpp:visit@101] 
  File "/home/seohy/colcon_ws/src/RoboCraft/simulator/plb/engine/mpm_simulator.py", line 198, in grid_op
    v_out = self.primitives[i].collide(f, I * self.dx, v_out, self.dt)
  File "/home/seohy/miniconda3/envs/robocraft/lib/python3.8/site-packages/taichi/lang/kernel_impl.py", line 50, in decorated
    return fun.__call__(*args)
  File "/home/seohy/miniconda3/envs/robocraft/lib/python3.8/site-packages/taichi/lang/kernel_impl.py", line 122, in __call__
    ret = self.compiled(*args)
  File "/home/seohy/colcon_ws/src/RoboCraft/simulator/plb/engine/primitive/primive_base.py", line 93, in collide
    dist = self.sdf(f, grid_pos)
  File "/home/seohy/miniconda3/envs/robocraft/lib/python3.8/site-packages/taichi/lang/kernel_impl.py", line 50, in decorated
    return fun.__call__(*args)
  File "/home/seohy/miniconda3/envs/robocraft/lib/python3.8/site-packages/taichi/lang/kernel_impl.py", line 122, in __call__
    ret = self.compiled(*args)
  File "/home/seohy/colcon_ws/src/RoboCraft/simulator/plb/engine/primitive/primive_base.py", line 59, in sdf
    grid_pos = inv_trans(grid_pos, self.position[f], self.rotation[f])
  File "/home/seohy/miniconda3/envs/robocraft/lib/python3.8/site-packages/taichi/lang/util.py", line 163, in wrapped
    return func(*args, **kwargs)
  File "/home/seohy/miniconda3/envs/robocraft/lib/python3.8/site-packages/taichi/lang/impl.py", line 201, in maybe_transform_ti_func_call_to_stmt
    return func(*args, **kwargs)
  File "/home/seohy/miniconda3/envs/robocraft/lib/python3.8/site-packages/taichi/lang/common_ops.py", line 227, in assign
    return ti.assign(self, other)
  File "/home/seohy/miniconda3/envs/robocraft/lib/python3.8/site-packages/taichi/lang/ops.py", line 131, in wrapped
    return a.element_wise_writeback_binary(imp_foo, b)
  File "/home/seohy/miniconda3/envs/robocraft/lib/python3.8/site-packages/taichi/lang/matrix.py", line 179, in element_wise_writeback_binary
    ret.entries[i] = foo(self.entries[i], other.entries[i])

[W 09/14/26 13:30:01.094] [type_check.cpp:visit@70] [$82696] Atomic add (f64 to f32) may lose precision, at
[W 09/14/26 13:30:01.094] [type_check.cpp:visit@71] 

[W 09/14/26 13:30:01.094] [type_check.cpp:visit@70] [$82706] Atomic add (f64 to f32) may lose precision, at
[W 09/14/26 13:30:01.094] [type_check.cpp:visit@71] 

[W 09/14/26 13:30:01.094] [type_check.cpp:visit@100] [$83077] Local store may lose precision (target = f32, value = f64) at
[W 09/14/26 13:30:01.094] [type_check.cpp:visit@101] 
  File "/home/seohy/colcon_ws/src/RoboCraft/simulator/plb/engine/mpm_simulator.py", line 198, in grid_op
    v_out = self.primitives[i].collide(f, I * self.dx, v_out, self.dt)
  File "/home/seohy/miniconda3/envs/robocraft/lib/python3.8/site-packages/taichi/lang/kernel_impl.py", line 50, in decorated
    return fun.__call__(*args)
  File "/home/seohy/miniconda3/envs/robocraft/lib/python3.8/site-packages/taichi/lang/kernel_impl.py", line 122, in __call__
    ret = self.compiled(*args)
  File "/home/seohy/colcon_ws/src/RoboCraft/simulator/plb/engine/primitive/primive_base.py", line 96, in collide
    D = self.normal(f, grid_pos)
  File "/home/seohy/miniconda3/envs/robocraft/lib/python3.8/site-packages/taichi/lang/kernel_impl.py", line 50, in decorated
    return fun.__call__(*args)
  File "/home/seohy/miniconda3/envs/robocraft/lib/python3.8/site-packages/taichi/lang/kernel_impl.py", line 122, in __call__
    ret = self.compiled(*args)
  File "/home/seohy/colcon_ws/src/RoboCraft/simulator/plb/engine/primitive/primive_base.py", line 79, in normal
    grid_pos = inv_trans(grid_pos, self.position[f], self.rotation[f])
  File "/home/seohy/miniconda3/envs/robocraft/lib/python3.8/site-packages/taichi/lang/util.py", line 163, in wrapped
    return func(*args, **kwargs)
  File "/home/seohy/miniconda3/envs/robocraft/lib/python3.8/site-packages/taichi/lang/impl.py", line 201, in maybe_transform_ti_func_call_to_stmt
    return func(*args, **kwargs)
  File "/home/seohy/miniconda3/envs/robocraft/lib/python3.8/site-packages/taichi/lang/common_ops.py", line 227, in assign
    return ti.assign(self, other)
  File "/home/seohy/miniconda3/envs/robocraft/lib/python3.8/site-packages/taichi/lang/ops.py", line 131, in wrapped
    return a.element_wise_writeback_binary(imp_foo, b)
  File "/home/seohy/miniconda3/envs/robocraft/lib/python3.8/site-packages/taichi/lang/matrix.py", line 179, in element_wise_writeback_binary
    ret.entries[i] = foo(self.entries[i], other.entries[i])

[W 09/14/26 13:30:01.094] [type_check.cpp:visit@100] [$83079] Local store may lose precision (target = f32, value = f64) at
[W 09/14/26 13:30:01.094] [type_check.cpp:visit@101] 
  File "/home/seohy/colcon_ws/src/RoboCraft/simulator/plb/engine/mpm_simulator.py", line 198, in grid_op
    v_out = self.primitives[i].collide(f, I * self.dx, v_out, self.dt)
  File "/home/seohy/miniconda3/envs/robocraft/lib/python3.8/site-packages/taichi/lang/kernel_impl.py", line 50, in decorated
    return fun.__call__(*args)
  File "/home/seohy/miniconda3/envs/robocraft/lib/python3.8/site-packages/taichi/lang/kernel_impl.py", line 122, in __call__
    ret = self.compiled(*args)
  File "/home/seohy/colcon_ws/src/RoboCraft/simulator/plb/engine/primitive/primive_base.py", line 96, in collide
    D = self.normal(f, grid_pos)
  File "/home/seohy/miniconda3/envs/robocraft/lib/python3.8/site-packages/taichi/lang/kernel_impl.py", line 50, in decorated
    return fun.__call__(*args)
  File "/home/seohy/miniconda3/envs/robocraft/lib/python3.8/site-packages/taichi/lang/kernel_impl.py", line 122, in __call__
    ret = self.compiled(*args)
  File "/home/seohy/colcon_ws/src/RoboCraft/simulator/plb/engine/primitive/primive_base.py", line 79, in normal
    grid_pos = inv_trans(grid_pos, self.position[f], self.rotation[f])
  File "/home/seohy/miniconda3/envs/robocraft/lib/python3.8/site-packages/taichi/lang/util.py", line 163, in wrapped
    return func(*args, **kwargs)
  File "/home/seohy/miniconda3/envs/robocraft/lib/python3.8/site-packages/taichi/lang/impl.py", line 201, in maybe_transform_ti_func_call_to_stmt
    return func(*args, **kwargs)
  File "/home/seohy/miniconda3/envs/robocraft/lib/python3.8/site-packages/taichi/lang/common_ops.py", line 227, in assign
    return ti.assign(self, other)
  File "/home/seohy/miniconda3/envs/robocraft/lib/python3.8/site-packages/taichi/lang/ops.py", line 131, in wrapped
    return a.element_wise_writeback_binary(imp_foo, b)
  File "/home/seohy/miniconda3/envs/robocraft/lib/python3.8/site-packages/taichi/lang/matrix.py", line 179, in element_wise_writeback_binary
    ret.entries[i] = foo(self.entries[i], other.entries[i])

[W 09/14/26 13:30:01.094] [type_check.cpp:visit@100] [$83081] Local store may lose precision (target = f32, value = f64) at
[W 09/14/26 13:30:01.094] [type_check.cpp:visit@101] 
  File "/home/seohy/colcon_ws/src/RoboCraft/simulator/plb/engine/mpm_simulator.py", line 198, in grid_op
    v_out = self.primitives[i].collide(f, I * self.dx, v_out, self.dt)
  File "/home/seohy/miniconda3/envs/robocraft/lib/python3.8/site-packages/taichi/lang/kernel_impl.py", line 50, in decorated
    return fun.__call__(*args)
  File "/home/seohy/miniconda3/envs/robocraft/lib/python3.8/site-packages/taichi/lang/kernel_impl.py", line 122, in __call__
    ret = self.compiled(*args)
  File "/home/seohy/colcon_ws/src/RoboCraft/simulator/plb/engine/primitive/primive_base.py", line 96, in collide
    D = self.normal(f, grid_pos)
  File "/home/seohy/miniconda3/envs/robocraft/lib/python3.8/site-packages/taichi/lang/kernel_impl.py", line 50, in decorated
    return fun.__call__(*args)
  File "/home/seohy/miniconda3/envs/robocraft/lib/python3.8/site-packages/taichi/lang/kernel_impl.py", line 122, in __call__
    ret = self.compiled(*args)
  File "/home/seohy/colcon_ws/src/RoboCraft/simulator/plb/engine/primitive/primive_base.py", line 79, in normal
    grid_pos = inv_trans(grid_pos, self.position[f], self.rotation[f])
  File "/home/seohy/miniconda3/envs/robocraft/lib/python3.8/site-packages/taichi/lang/util.py", line 163, in wrapped
    return func(*args, **kwargs)
  File "/home/seohy/miniconda3/envs/robocraft/lib/python3.8/site-packages/taichi/lang/impl.py", line 201, in maybe_transform_ti_func_call_to_stmt
    return func(*args, **kwargs)
  File "/home/seohy/miniconda3/envs/robocraft/lib/python3.8/site-packages/taichi/lang/common_ops.py", line 227, in assign
    return ti.assign(self, other)
  File "/home/seohy/miniconda3/envs/robocraft/lib/python3.8/site-packages/taichi/lang/ops.py", line 131, in wrapped
    return a.element_wise_writeback_binary(imp_foo, b)
  File "/home/seohy/miniconda3/envs/robocraft/lib/python3.8/site-packages/taichi/lang/matrix.py", line 179, in element_wise_writeback_binary
    ret.entries[i] = foo(self.entries[i], other.entries[i])

[W 09/14/26 13:30:01.094] [type_check.cpp:visit@70] [$83108] Atomic add (f64 to f32) may lose precision, at
[W 09/14/26 13:30:01.094] [type_check.cpp:visit@71] 

[W 09/14/26 13:30:01.094] [type_check.cpp:visit@70] [$83118] Atomic add (f64 to f32) may lose precision, at
[W 09/14/26 13:30:01.094] [type_check.cpp:visit@71] 

output size before: 20K  disk free: 10.10 GiB
gap bin counts [4, 4, 4, 4, 4, 5] axis resampled draws [[0, 0, 0, 0, 0], [0, 0, 0, 0, 0], [0, 0, 0, 0, 0], [0, 0, 0, 0, 0], [0, 0, 2, 0, 0]]
[Taichi] mode=release
[Taichi] preparing sandbox at /tmp/taichi-9wugauzd
[Taichi] version 0.7.20, llvm 10.0.0, commit 284f75ed, linux, python 3.8.11
[Taichi] Starting on arch=cuda
[Taichi] Starting on arch=cuda
Building primitive
action:
  dim: 6
  scale: (0.02, 0.02, 0.02, 0.04, 0.04, 0.04)
color: (0.8, 0.8, 0.8)
friction: 1.0
h: 0.2
init_pos: (0.35, 0.4, 0.5)
init_rot: (1.0, 0.0, 0.0, 0.0)
lower_bound: (0.0, 0.0, 0.0)
r: 0.045
shape: Capsule
upper_bound: (1.0, 1.0, 1.0)
variations: None
Building primitive
action:
  dim: 6
  scale: (0.02, 0.02, 0.02, 0.04, 0.04, 0.04)
color: (0.8, 0.8, 0.8)
friction: 1.0
h: 0.2
init_pos: (0.65, 0.4, 0.5)
init_rot: (1.0, 0.0, 0.0, 0.0)
lower_bound: (0.0, 0.0, 0.0)
r: 0.045
shape: Capsule
upper_bound: (1.0, 1.0, 1.0)
variations: None
Building primitive
action:
  dim: 0
  scale: ()
color: (0.2, 0.2, 0.2)
friction: 15.0
h: 0.13
init_pos: (0.5, 0.1, 0.5)
init_rot: (1.0, 0.0, 0.0, 0.0)
lower_bound: (0.0, 0.0, 0.0)
r: 0.025
shape: Capsule
upper_bound: (1.0, 1.0, 1.0)
variations: None
{'width': (0.25, 0.2, 0.25), 'init_pos': (0.5, 0.1, 0.5), 'n_particles': 20000, 'color': 9868800}
Initialize Renderer
bake_size: 6  
camera_pos: (0.5, 1.2, 4.0)  
camera_pos_1: (0.5, 2.5, 2.2)  
camera_pos_2: (0.5, 2.5, 2.2)  
camera_pos_3: (0.5, 2.5, 2.2)  
camera_pos_4: (0.5, 2.5, 2.2)  
camera_rot: (0.2, 0)  
camera_rot_1: (0.8, 0.0)  
camera_rot_2: (0.8, 0.0)  
camera_rot_3: (0.8, 0.0)  
camera_rot_4: (0.8, 0.0)  
dx: 0.006666666666666667  
image_res: (512, 512)  
light_direction: (2.0, 1.0, 0.7)  
max_num_particles: 1000000  
max_ray_depth: 2  
sdf_threshold: 0.20720000000000002  
spp: 50  
target_res: (64, 64, 64)  
use_directional_light: False  
use_roulette: False  
voxel_res: (168, 168, 168)
[Taichi] materializing...
sigma500 seq0 g0 gap 0.071 ang 171.4 | comp 0.0265 res 0.0257 nres 0.97 | pin +0.0061 clr -0.0156 contact [739, 679] margin +0.177 | GOOD
sigma500 seq0 g1 gap 0.081 ang 142.7 | comp 0.0298 res 0.0276 nres 0.92 | pin +0.0207 clr -0.0187 contact [775, 356] margin +0.149 | GOOD
sigma500 seq0 g2 gap 0.102 ang  44.6 | comp 0.0454 res 0.0417 nres 0.92 | pin +0.0217 clr -0.0182 contact [849, 804] margin +0.234 | GOOD
sigma500 seq0 g3 gap 0.107 ang 113.0 | comp 0.0303 res 0.0265 nres 0.87 | pin +0.0262 clr -0.0118 contact [513, 728] margin +0.197 | GOOD
sigma500 seq0 g4 gap 0.129 ang 155.6 | comp 0.0180 res 0.0152 nres 0.84 | pin +0.0391 clr -0.0119 contact [483, 567] margin +0.170 | GOOD
sigma500 seq1 g0 gap 0.126 ang 151.4 | comp 0.0224 res 0.0202 nres 0.90 | pin +0.0189 clr -0.0152 contact [512, 730] margin +0.164 | GOOD
sigma500 seq1 g1 gap 0.079 ang 125.8 | comp 0.0385 res 0.0345 nres 0.90 | pin +0.0106 clr -0.0164 contact [732, 718] margin +0.219 | GOOD
sigma500 seq1 g2 gap 0.087 ang 112.4 | comp 0.0197 res 0.0201 nres 1.02 | pin +0.0136 clr -0.0097 contact [382, 308] margin +0.123 | GOOD
sigma500 seq1 g3 gap 0.100 ang  55.9 | comp 0.0366 res 0.0339 nres 0.93 | pin +0.0103 clr -0.0126 contact [754, 568] margin +0.175 | GOOD
sigma500 seq1 g4 gap 0.118 ang 118.7 | comp 0.0230 res 0.0235 nres 1.02 | pin +0.0147 clr -0.0107 contact [179, 532] margin +0.127 | GOOD
sigma500 seq2 g0 gap 0.110 ang 169.6 | comp 0.0225 res 0.0212 nres 0.94 | pin +0.0064 clr -0.0165 contact [718, 404] margin +0.136 | GOOD
sigma500 seq2 g1 gap 0.125 ang 162.1 | comp 0.0109 res 0.0081 nres 0.75 | pin +0.0379 clr -0.0082 contact [135, 453] margin +0.069 | TOO_WEAK
sigma500 seq2 g2 gap 0.080 ang  39.9 | comp 0.0456 res 0.0421 nres 0.92 | pin +0.0100 clr -0.0192 contact [757, 875] margin +0.238 | GOOD
sigma500 seq2 g3 gap 0.096 ang 138.8 | comp 0.0422 res 0.0391 nres 0.93 | pin +0.0165 clr -0.0154 contact [787, 850] margin +0.271 | GOOD
sigma500 seq2 g4 gap 0.100 ang  43.2 | comp 0.0401 res 0.0359 nres 0.90 | pin +0.0120 clr -0.0127 contact [879, 393] margin +0.174 | GOOD
sigma500 seq3 g0 gap 0.101 ang  70.2 | comp 0.0227 res 0.0211 nres 0.93 | pin +0.0168 clr -0.0153 contact [576, 673] margin +0.152 | GOOD
sigma500 seq3 g1 gap 0.113 ang 136.2 | comp 0.0393 res 0.0363 nres 0.92 | pin +0.0083 clr -0.0173 contact [899, 641] margin +0.228 | GOOD
sigma500 seq3 g2 gap 0.126 ang 164.6 | comp 0.0201 res 0.0156 nres 0.77 | pin +0.0196 clr -0.0114 contact [412, 460] margin +0.142 | GOOD
sigma500 seq3 g3 gap 0.075 ang 144.1 | comp 0.0214 res 0.0189 nres 0.88 | pin +0.0137 clr -0.0121 contact [430, 682] margin +0.134 | GOOD
sigma500 seq3 g4 gap 0.093 ang 120.1 | comp 0.0289 res 0.0250 nres 0.87 | pin +0.0149 clr -0.0110 contact [586, 245] margin +0.171 | GOOD
sigma500 seq4 g0 gap 0.082 ang  42.9 | comp 0.0374 res 0.0348 nres 0.93 | pin +0.0153 clr -0.0203 contact [852, 828] margin +0.212 | GOOD
sigma500 seq4 g1 gap 0.104 ang  47.9 | comp 0.0106 res 0.0082 nres 0.77 | pin +0.0324 clr -0.0097 contact [326, 224] margin +0.067 | TOO_WEAK
sigma500 seq4 g2 gap 0.113 ang 117.2 | comp 0.0353 res 0.0319 nres 0.90 | pin +0.0056 clr -0.0167 contact [576, 800] margin +0.232 | GOOD
sigma500 seq4 g3 gap 0.127 ang   4.5 | comp 0.0267 res 0.0222 nres 0.83 | pin +0.0324 clr -0.0108 contact [620, 514] margin +0.179 | GOOD
sigma500 seq4 g4 gap 0.077 ang   0.8 | comp 0.0241 res 0.0221 nres 0.92 | pin +0.0076 clr -0.0106 contact [681, 606] margin +0.138 | GOOD
sigma30 seq0 g0 gap 0.071 ang 171.4 | comp 0.0272 res 0.0395 nres 1.45 | pin +0.0061 clr -0.0115 contact [481, 448] margin +0.177 | GOOD
sigma30 seq0 g1 gap 0.081 ang 142.7 | comp 0.0271 res 0.0347 nres 1.28 | pin +0.0207 clr -0.0144 contact [597, 91] margin +0.155 | GOOD
sigma30 seq0 g2 gap 0.102 ang  44.6 | comp 0.0462 res 0.0542 nres 1.17 | pin +0.0217 clr -0.0148 contact [527, 590] margin +0.298 | GOOD
sigma30 seq0 g3 gap 0.107 ang 113.0 | comp 0.0375 res 0.0456 nres 1.22 | pin +0.0262 clr -0.0147 contact [240, 451] margin +0.298 | GOOD
sigma30 seq0 g4 gap 0.129 ang 155.6 | comp 0.0222 res 0.0284 nres 1.28 | pin +0.0391 clr -0.0146 contact [301, 245] margin +0.157 | GOOD
sigma30 seq1 g0 gap 0.126 ang 151.4 | comp 0.0211 res 0.0259 nres 1.23 | pin +0.0189 clr -0.0120 contact [337, 481] margin +0.164 | GOOD
sigma30 seq1 g1 gap 0.079 ang 125.8 | comp 0.0301 res 0.0386 nres 1.28 | pin +0.0106 clr -0.0138 contact [599, 535] margin +0.245 | GOOD
sigma30 seq1 g2 gap 0.087 ang 112.4 | comp 0.0107 res 0.0142 nres 1.32 | pin +0.0136 clr -0.0101 contact [104, 313] margin +0.077 | TOO_WEAK
sigma30 seq1 g3 gap 0.100 ang  55.9 | comp 0.0432 res 0.0519 nres 1.20 | pin +0.0103 clr -0.0133 contact [551, 458] margin +0.275 | GOOD
sigma30 seq1 g4 gap 0.118 ang 118.7 | comp 0.0202 res 0.0283 nres 1.40 | pin +0.0147 clr -0.0135 contact [282, 156] margin +0.173 | GOOD
sigma30 seq2 g0 gap 0.110 ang 169.6 | comp 0.0221 res 0.0282 nres 1.28 | pin +0.0064 clr -0.0122 contact [506, 195] margin +0.136 | GOOD
sigma30 seq2 g1 gap 0.125 ang 162.1 | comp 0.0040 res 0.0053 nres 1.34 | pin +0.0379 clr -0.0065 contact [71, 72] margin -0.018 | TOO_WEAK
sigma30 seq2 g2 gap 0.080 ang  39.9 | comp 0.0375 res 0.0453 nres 1.21 | pin +0.0100 clr -0.0151 contact [447, 626] margin +0.260 | GOOD
sigma30 seq2 g3 gap 0.096 ang 138.8 | comp 0.0427 res 0.0519 nres 1.22 | pin +0.0165 clr -0.0153 contact [464, 604] margin +0.326 | GOOD
sigma30 seq2 g4 gap 0.100 ang  43.2 | comp 0.0384 res 0.0498 nres 1.29 | pin +0.0120 clr -0.0145 contact [591, 203] margin +0.218 | GOOD
sigma30 seq3 g0 gap 0.101 ang  70.2 | comp 0.0227 res 0.0297 nres 1.30 | pin +0.0168 clr -0.0115 contact [381, 440] margin +0.152 | GOOD
sigma30 seq3 g1 gap 0.113 ang 136.2 | comp 0.0374 res 0.0438 nres 1.17 | pin +0.0083 clr -0.0149 contact [640, 445] margin +0.259 | GOOD
sigma30 seq3 g2 gap 0.126 ang 164.6 | comp 0.0187 res 0.0228 nres 1.22 | pin +0.0196 clr -0.0090 contact [312, 317] margin +0.172 | GOOD
sigma30 seq3 g3 gap 0.075 ang 144.1 | comp 0.0154 res 0.0232 nres 1.51 | pin +0.0137 clr -0.0102 contact [154, 429] margin +0.165 | TOO_WEAK
sigma30 seq3 g4 gap 0.093 ang 120.1 | comp 0.0118 res 0.0151 nres 1.28 | pin +0.0149 clr -0.0136 contact [294, 10] margin +0.092 | TOO_WEAK
sigma30 seq4 g0 gap 0.082 ang  42.9 | comp 0.0328 res 0.0413 nres 1.26 | pin +0.0153 clr -0.0142 contact [624, 614] margin +0.212 | GOOD
sigma30 seq4 g1 gap 0.104 ang  47.9 | comp 0.0070 res 0.0091 nres 1.30 | pin +0.0324 clr -0.0087 contact [234, 55] margin +0.085 | TOO_WEAK
sigma30 seq4 g2 gap 0.113 ang 117.2 | comp 0.0373 res 0.0463 nres 1.24 | pin +0.0056 clr -0.0132 contact [349, 512] margin +0.258 | GOOD
sigma30 seq4 g3 gap 0.127 ang   4.5 | comp 0.0320 res 0.0403 nres 1.26 | pin +0.0324 clr -0.0146 contact [399, 379] margin +0.224 | GOOD
sigma30 seq4 g4 gap 0.077 ang   0.8 | comp 0.0162 res 0.0251 nres 1.55 | pin +0.0076 clr -0.0101 contact [295, 312] margin +0.181 | TOO_WEAK
[Conditions]

E: 5000
nu: 0.2
sigma_y: [500.0, 30.0]
num_sequences: 5
grips_per_sequence: 5
total_episodes: 10
total_grips: 50
action rule: midpoint x,z ~ U(0.47,0.53), y 0.14; angle ~ U(0,pi); gap ~ U(0.07,0.13) stratified over 6 bins (Latin square of strength quintiles);
             reject if analytic pin clearance < 0.005; same axis (delta_axis < 20 deg) at most 2 consecutive, 3rd -> resample angle only
seed: 31
gap bin counts: {'[0.07,0.08)': 4, '[0.08,0.09)': 4, '[0.09,0.1)': 4, '[0.1,0.11)': 4, '[0.11,0.12)': 4, '[0.12,0.13)': 5}
initial identity: x,v,F,C,finger0,finger1,pin == settled (asserted per episode); 300-cloud identical across all episodes (asserted)
action identity: primitive actions asserted equal to saved sequence for every episode (both sigma_y)

--------------------------------
[Sequence definitions]

sequence_00:
  grip0 midpoint (0.4951, 0.4725) angle  171.4 deg (d_axis prev    -  ) gap 0.0707 rate 0.010655 pin_analytic +0.0061 axis_resampled 0
  grip1 midpoint (0.4750, 0.5282) angle  142.7 deg (d_axis prev  28.8) gap 0.0805 rate 0.010491 pin_analytic +0.0207 axis_resampled 0
  grip2 midpoint (0.4833, 0.4918) angle   44.6 deg (d_axis prev  82.0) gap 0.1021 rate 0.010132 pin_analytic +0.0217 axis_resampled 0
  grip3 midpoint (0.5152, 0.4973) angle  113.0 deg (d_axis prev  68.4) gap 0.1071 rate 0.010049 pin_analytic +0.0262 axis_resampled 0
  grip4 midpoint (0.4957, 0.5077) angle  155.6 deg (d_axis prev  42.6) gap 0.1290 rate 0.009684 pin_analytic +0.0391 axis_resampled 0

sequence_01:
  grip0 midpoint (0.5105, 0.5238) angle  151.4 deg (d_axis prev    -  ) gap 0.1264 rate 0.009727 pin_analytic +0.0189 axis_resampled 0
  grip1 midpoint (0.5001, 0.4950) angle  125.8 deg (d_axis prev  25.6) gap 0.0790 rate 0.010516 pin_analytic +0.0106 axis_resampled 0
  grip2 midpoint (0.5109, 0.4890) angle  112.4 deg (d_axis prev  13.5) gap 0.0868 rate 0.010387 pin_analytic +0.0136 axis_resampled 0
  grip3 midpoint (0.5100, 0.4891) angle   55.9 deg (d_axis prev  56.4) gap 0.0998 rate 0.010170 pin_analytic +0.0103 axis_resampled 0
  grip4 midpoint (0.5013, 0.5221) angle  118.7 deg (d_axis prev  62.8) gap 0.1184 rate 0.009860 pin_analytic +0.0147 axis_resampled 0

sequence_02:
  grip0 midpoint (0.4735, 0.5076) angle  169.6 deg (d_axis prev    -  ) gap 0.1102 rate 0.009997 pin_analytic +0.0064 axis_resampled 0
  grip1 midpoint (0.4950, 0.5223) angle  162.1 deg (d_axis prev   7.5) gap 0.1252 rate 0.009747 pin_analytic +0.0379 axis_resampled 0
  grip2 midpoint (0.4834, 0.4912) angle   39.9 deg (d_axis prev  57.8) gap 0.0804 rate 0.010493 pin_analytic +0.0100 axis_resampled 0
  grip3 midpoint (0.4995, 0.5109) angle  138.8 deg (d_axis prev  81.1) gap 0.0959 rate 0.010235 pin_analytic +0.0165 axis_resampled 0
  grip4 midpoint (0.5267, 0.5052) angle   43.2 deg (d_axis prev  84.4) gap 0.0998 rate 0.010169 pin_analytic +0.0120 axis_resampled 0

sequence_03:
  grip0 midpoint (0.4751, 0.5033) angle   70.2 deg (d_axis prev    -  ) gap 0.1010 rate 0.010149 pin_analytic +0.0168 axis_resampled 0
  grip1 midpoint (0.4799, 0.4874) angle  136.2 deg (d_axis prev  66.0) gap 0.1128 rate 0.009953 pin_analytic +0.0083 axis_resampled 0
  grip2 midpoint (0.4721, 0.5185) angle  164.6 deg (d_axis prev  28.5) gap 0.1260 rate 0.009734 pin_analytic +0.0196 axis_resampled 0
  grip3 midpoint (0.5224, 0.4773) angle  144.1 deg (d_axis prev  20.5) gap 0.0747 rate 0.010588 pin_analytic +0.0137 axis_resampled 0
  grip4 midpoint (0.4933, 0.4961) angle  120.1 deg (d_axis prev  24.0) gap 0.0930 rate 0.010283 pin_analytic +0.0149 axis_resampled 0

sequence_04:
  grip0 midpoint (0.5073, 0.5062) angle   42.9 deg (d_axis prev    -  ) gap 0.0818 rate 0.010471 pin_analytic +0.0153 axis_resampled 0
  grip1 midpoint (0.5288, 0.5237) angle   47.9 deg (d_axis prev   5.0) gap 0.1042 rate 0.010096 pin_analytic +0.0324 axis_resampled 0
  grip2 midpoint (0.5242, 0.5180) angle  117.2 deg (d_axis prev  69.3) gap 0.1130 rate 0.009950 pin_analytic +0.0056 axis_resampled 2
  grip3 midpoint (0.5055, 0.4908) angle    4.5 deg (d_axis prev  67.3) gap 0.1266 rate 0.009723 pin_analytic +0.0324 axis_resampled 0
  grip4 midpoint (0.5080, 0.5174) angle    0.8 deg (d_axis prev   3.6) gap 0.0767 rate 0.010555 pin_analytic +0.0076 axis_resampled 0

same-axis: new max consecutive run 2, grips whose angle was resampled 1
           old sequential_5x5 max run 4, grips that would violate the rule [(2, 3), (2, 4), (4, 2)]

--------------------------------
[Validation]

sigma_y=500: pin collision 0 (min +0.0056) | invalid geometry 0 | weak 2 | aggressive 0 | GOOD 23/25
           one-finger contact 0 | two-finger 25/25 | weaker finger < 50 particles 0
           NaN 0 Inf 0 explosion 0 | max per-step disp 0.0192 | min clearance -0.0203 | height ratio vs initial [1.132, 1.385] | comp 0.0106-0.0456 mean 0.0287
sigma_y=30: pin collision 0 (min +0.0056) | invalid geometry 0 | weak 6 | aggressive 0 | GOOD 19/25
           one-finger contact 0 | two-finger 25/25 | weaker finger < 50 particles 1
           NaN 0 Inf 0 explosion 0 | max per-step disp 0.0116 | min clearance -0.0153 | height ratio vs initial [1.115, 1.237] | comp 0.0040-0.0462 mean 0.0265
ValueError episodes: none
boundary continuity (initial==g0 before, g_k after==g_k+1 before, all episodes): object max 0.0e+00, full state max 0.0e+00
corr(pre-grip width margin, compression): {'500': 0.8945886243093036, '30': 0.9283289154622052}

per sequence:
  sigma500_seq00: GOOD 5 weak 0 invalid 0 one-finger 0 comp min 0.0180
  sigma500_seq01: GOOD 5 weak 0 invalid 0 one-finger 0 comp min 0.0197
  sigma500_seq02: GOOD 4 weak 1 invalid 0 one-finger 0 comp min 0.0109
  sigma500_seq03: GOOD 5 weak 0 invalid 0 one-finger 0 comp min 0.0201
  sigma500_seq04: GOOD 4 weak 1 invalid 0 one-finger 0 comp min 0.0106
  sigma30_seq00: GOOD 5 weak 0 invalid 0 one-finger 0 comp min 0.0222
  sigma30_seq01: GOOD 4 weak 1 invalid 0 one-finger 0 comp min 0.0107
  sigma30_seq02: GOOD 4 weak 1 invalid 0 one-finger 0 comp min 0.0040
  sigma30_seq03: GOOD 3 weak 2 invalid 0 one-finger 0 comp min 0.0118
  sigma30_seq04: GOOD 3 weak 2 invalid 0 one-finger 0 comp min 0.0070

--------------------------------
[Per-grip summary]

sequence | sigma_y | grip |   gap |  angle | comp_RMS | resid_RMS |  nres |  recov | margin |     contact | class
       0 |     500 |    0 | 0.071 |  171.4 |   0.0265 |    0.0257 |  0.97 |  +0.03 | +0.177 |  [739, 679] | GOOD
       0 |     500 |    1 | 0.081 |  142.7 |   0.0298 |    0.0276 |  0.92 |  +0.08 | +0.149 |  [775, 356] | GOOD
       0 |     500 |    2 | 0.102 |   44.6 |   0.0454 |    0.0417 |  0.92 |  +0.08 | +0.234 |  [849, 804] | GOOD
       0 |     500 |    3 | 0.107 |  113.0 |   0.0303 |    0.0265 |  0.87 |  +0.13 | +0.197 |  [513, 728] | GOOD
       0 |     500 |    4 | 0.129 |  155.6 |   0.0180 |    0.0152 |  0.84 |  +0.16 | +0.170 |  [483, 567] | GOOD
       0 |      30 |    0 | 0.071 |  171.4 |   0.0272 |    0.0395 |  1.45 |  -0.45 | +0.177 |  [481, 448] | GOOD
       0 |      30 |    1 | 0.081 |  142.7 |   0.0271 |    0.0347 |  1.28 |  -0.28 | +0.155 |   [597, 91] | GOOD
       0 |      30 |    2 | 0.102 |   44.6 |   0.0462 |    0.0542 |  1.17 |  -0.17 | +0.298 |  [527, 590] | GOOD
       0 |      30 |    3 | 0.107 |  113.0 |   0.0375 |    0.0456 |  1.22 |  -0.22 | +0.298 |  [240, 451] | GOOD
       0 |      30 |    4 | 0.129 |  155.6 |   0.0222 |    0.0284 |  1.28 |  -0.28 | +0.157 |  [301, 245] | GOOD
       1 |     500 |    0 | 0.126 |  151.4 |   0.0224 |    0.0202 |  0.90 |  +0.10 | +0.164 |  [512, 730] | GOOD
       1 |     500 |    1 | 0.079 |  125.8 |   0.0385 |    0.0345 |  0.90 |  +0.10 | +0.219 |  [732, 718] | GOOD
       1 |     500 |    2 | 0.087 |  112.4 |   0.0197 |    0.0201 |  1.02 |  -0.02 | +0.123 |  [382, 308] | GOOD
       1 |     500 |    3 | 0.100 |   55.9 |   0.0366 |    0.0339 |  0.93 |  +0.07 | +0.175 |  [754, 568] | GOOD
       1 |     500 |    4 | 0.118 |  118.7 |   0.0230 |    0.0235 |  1.02 |  -0.02 | +0.127 |  [179, 532] | GOOD
       1 |      30 |    0 | 0.126 |  151.4 |   0.0211 |    0.0259 |  1.23 |  -0.23 | +0.164 |  [337, 481] | GOOD
       1 |      30 |    1 | 0.079 |  125.8 |   0.0301 |    0.0386 |  1.28 |  -0.28 | +0.245 |  [599, 535] | GOOD
       1 |      30 |    2 | 0.087 |  112.4 |   0.0107 |    0.0142 |  1.32 |  -0.32 | +0.077 |  [104, 313] | TOO_WEAK
       1 |      30 |    3 | 0.100 |   55.9 |   0.0432 |    0.0519 |  1.20 |  -0.20 | +0.275 |  [551, 458] | GOOD
       1 |      30 |    4 | 0.118 |  118.7 |   0.0202 |    0.0283 |  1.40 |  -0.40 | +0.173 |  [282, 156] | GOOD
       2 |     500 |    0 | 0.110 |  169.6 |   0.0225 |    0.0212 |  0.94 |  +0.06 | +0.136 |  [718, 404] | GOOD
       2 |     500 |    1 | 0.125 |  162.1 |   0.0109 |    0.0081 |  0.75 |  +0.25 | +0.069 |  [135, 453] | TOO_WEAK
       2 |     500 |    2 | 0.080 |   39.9 |   0.0456 |    0.0421 |  0.92 |  +0.08 | +0.238 |  [757, 875] | GOOD
       2 |     500 |    3 | 0.096 |  138.8 |   0.0422 |    0.0391 |  0.93 |  +0.07 | +0.271 |  [787, 850] | GOOD
       2 |     500 |    4 | 0.100 |   43.2 |   0.0401 |    0.0359 |  0.90 |  +0.10 | +0.174 |  [879, 393] | GOOD
       2 |      30 |    0 | 0.110 |  169.6 |   0.0221 |    0.0282 |  1.28 |  -0.28 | +0.136 |  [506, 195] | GOOD
       2 |      30 |    1 | 0.125 |  162.1 |   0.0040 |    0.0053 |  1.34 |  -0.34 | -0.018 |    [71, 72] | TOO_WEAK
       2 |      30 |    2 | 0.080 |   39.9 |   0.0375 |    0.0453 |  1.21 |  -0.21 | +0.260 |  [447, 626] | GOOD
       2 |      30 |    3 | 0.096 |  138.8 |   0.0427 |    0.0519 |  1.22 |  -0.22 | +0.326 |  [464, 604] | GOOD
       2 |      30 |    4 | 0.100 |   43.2 |   0.0384 |    0.0498 |  1.29 |  -0.29 | +0.218 |  [591, 203] | GOOD
       3 |     500 |    0 | 0.101 |   70.2 |   0.0227 |    0.0211 |  0.93 |  +0.07 | +0.152 |  [576, 673] | GOOD
       3 |     500 |    1 | 0.113 |  136.2 |   0.0393 |    0.0363 |  0.92 |  +0.08 | +0.228 |  [899, 641] | GOOD
       3 |     500 |    2 | 0.126 |  164.6 |   0.0201 |    0.0156 |  0.77 |  +0.23 | +0.142 |  [412, 460] | GOOD
       3 |     500 |    3 | 0.075 |  144.1 |   0.0214 |    0.0189 |  0.88 |  +0.12 | +0.134 |  [430, 682] | GOOD
       3 |     500 |    4 | 0.093 |  120.1 |   0.0289 |    0.0250 |  0.87 |  +0.13 | +0.171 |  [586, 245] | GOOD
       3 |      30 |    0 | 0.101 |   70.2 |   0.0227 |    0.0297 |  1.30 |  -0.30 | +0.152 |  [381, 440] | GOOD
       3 |      30 |    1 | 0.113 |  136.2 |   0.0374 |    0.0438 |  1.17 |  -0.17 | +0.259 |  [640, 445] | GOOD
       3 |      30 |    2 | 0.126 |  164.6 |   0.0187 |    0.0228 |  1.22 |  -0.22 | +0.172 |  [312, 317] | GOOD
       3 |      30 |    3 | 0.075 |  144.1 |   0.0154 |    0.0232 |  1.51 |  -0.51 | +0.165 |  [154, 429] | TOO_WEAK (boundary: comp >= 0.015)
       3 |      30 |    4 | 0.093 |  120.1 |   0.0118 |    0.0151 |  1.28 |  -0.28 | +0.092 |   [294, 10] | TOO_WEAK
       4 |     500 |    0 | 0.082 |   42.9 |   0.0374 |    0.0348 |  0.93 |  +0.07 | +0.212 |  [852, 828] | GOOD
       4 |     500 |    1 | 0.104 |   47.9 |   0.0106 |    0.0082 |  0.77 |  +0.23 | +0.067 |  [326, 224] | TOO_WEAK
       4 |     500 |    2 | 0.113 |  117.2 |   0.0353 |    0.0319 |  0.90 |  +0.10 | +0.232 |  [576, 800] | GOOD
       4 |     500 |    3 | 0.127 |    4.5 |   0.0267 |    0.0222 |  0.83 |  +0.17 | +0.179 |  [620, 514] | GOOD
       4 |     500 |    4 | 0.077 |    0.8 |   0.0241 |    0.0221 |  0.92 |  +0.08 | +0.138 |  [681, 606] | GOOD
       4 |      30 |    0 | 0.082 |   42.9 |   0.0328 |    0.0413 |  1.26 |  -0.26 | +0.212 |  [624, 614] | GOOD
       4 |      30 |    1 | 0.104 |   47.9 |   0.0070 |    0.0091 |  1.30 |  -0.30 | +0.085 |   [234, 55] | TOO_WEAK
       4 |      30 |    2 | 0.113 |  117.2 |   0.0373 |    0.0463 |  1.24 |  -0.24 | +0.258 |  [349, 512] | GOOD
       4 |      30 |    3 | 0.127 |    4.5 |   0.0320 |    0.0403 |  1.26 |  -0.26 | +0.224 |  [399, 379] | GOOD
       4 |      30 |    4 | 0.077 |    0.8 |   0.0162 |    0.0251 |  1.55 |  -0.55 | +0.181 |  [295, 312] | TOO_WEAK (boundary: comp >= 0.015)

--------------------------------
[Visual paths]

2x5 grid video: /home/seohy/colcon_ws/src/RoboCraft/simulator/dataset/action_distribution_pilot_14-Sep-2026-12:55:44/final_sequence_check/visuals/grid_2x5_sigma30_500_sequences.mp4
state-grid images: /home/seohy/colcon_ws/src/RoboCraft/simulator/dataset/action_distribution_pilot_14-Sep-2026-12:55:44/final_sequence_check/visuals/seq_0{0..4}_state_grid_2x6.png
final P5 comparison: /home/seohy/colcon_ws/src/RoboCraft/simulator/dataset/action_distribution_pilot_14-Sep-2026-12:55:44/final_sequence_check/visuals/final_P5_2x5.png
compression plot: /home/seohy/colcon_ws/src/RoboCraft/simulator/dataset/action_distribution_pilot_14-Sep-2026-12:55:44/final_sequence_check/visuals/compression_by_grip.png

--------------------------------
[Disk usage]

output folder size: 127M (before 20K)
remaining disk: 9.97 GiB

--------------------------------
[Interpretation]

(written after review)

--------------------------------
[Recommendation]

(written after review)

